Modification_Type,Precision,Recall,F1-Score,F0.5-Score,TP,FP,FN,TN
SMP_plag,0.057063966866083754,0.49666221628838453,0.10236653824986242,0.06933830382106244,744,12294,754,224670
SMP_plag_doubt,0.022268172419277876,0.33653846153846156,0.041772340742950914,0.027382256297918947,280,12294,552,224670
SMP_remake,0.08095985647006056,0.7589348283111422,0.14631180761956228,0.0985710385000455,1083,12294,344,224670
audioldm2_none,0.08164637334727722,0.896636587366694,0.1496645214295495,0.09978636770317892,1093,12294,126,224670
audioldm2_pitchD2,0.08171496862862265,0.8974569319114027,0.1497911960019169,0.09987036935604608,1094,12294,125,224670
audioldm2_pitchD4,0.08246884095828047,0.9064807219031994,0.15118347243124913,0.10079357840007297,1105,12294,114,224670
audioldm2_pitchD4_tempo090,0.08150915203586104,0.8949958982772764,0.14941112024102984,0.09961832758085429,1091,12294,128,224670
audioldm2_pitchU2,0.08219484882418814,0.9031993437243643,0.15067743259887778,0.10045803755542984,1101,12294,118,224670
audioldm2_pitchU4,0.08260577568838147,0.9081214109926169,0.15143638850889193,0.10096127537712274,1107,12294,112,224670
audioldm2_pitchU4_tempo110,0.08315310612275338,0.9146841673502871,0.15244736122504784,0.1016315741500319,1115,12294,104,224670
audioldm2_tempo090,0.08116591928251121,0.8908941755537325,0.14877731351462428,0.09919801238605017,1086,12294,133,224670
audioldm2_tempo095,0.08089114832535885,0.8876127973748975,0.14826995546420008,0.09886153902381083,1082,12294,137,224670
audioldm2_tempo105,0.0810972419463338,0.8900738310090238,0.14865050006850253,0.09911391248743948,1085,12294,134,224670
audioldm2_tempo110,0.08198924731182795,0.9007383100902379,0.15029772089521592,0.10020625330826656,1098,12294,121,224670
mgeldm_bass_none,0.07145015105740181,0.9357072205736894,0.13276261314995438,0.08763965833503178,946,12294,65,224670
mgeldm_bass_pitchD2,0.06686907020872865,0.8722772277227723,0.12421572083186465,0.08201452243530069,881,12294,129,224670
mgeldm_bass_pitchD4,0.06630211893369788,0.8635014836795252,0.12314853999153619,0.08131671603420332,873,12294,138,224670
mgeldm_bass_pitchD4_tempo090,0.06402740768937952,0.8326732673267326,0.11891127606928244,0.07852474323062558,841,12294,169,224670
mgeldm_bass_pitchU2,0.06757679180887372,0.8821782178217822,0.1255371609721733,0.08288372093023255,891,12294,119,224670
mgeldm_bass_pitchU4,0.06708149946881166,0.8752475247524752,0.12461234846349027,0.08227541789211124,884,12294,126,224670
mgeldm_bass_pitchU4_tempo110,0.06552143508665248,0.8534653465346534,0.12169984469857405,0.08035947346832233,862,12294,148,224670
mgeldm_bass_tempo090,0.06814219661941939,0.8900990099009901,0.12659297331549674,0.08357814882302629,899,12294,111,224670
mgeldm_bass_tempo095,0.06835404668081237,0.8930693069306931,0.12698859636773194,0.08383834628397219,902,12294,108,224670
mgeldm_bass_tempo105,0.06842464196408275,0.8940594059405941,0.12712043358907582,0.08392505297594706,903,12294,107,224670
mgeldm_bass_tempo110,0.06863636363636363,0.897029702970297,0.1275158339197748,0.08418509570711763,906,12294,104,224670
mgeldm_drums_none,0.07025637147394691,0.9188921859545005,0.13053252775045665,0.0861733113184795,929,12294,82,224670
mgeldm_drums_pitchD2,0.06559246028729954,0.8536102868447082,0.12182382834556747,0.08044519845634707,863,12294,148,224670
mgeldm_drums_pitchD4,0.06587645315705494,0.857566765578635,0.12235393734123624,0.08079396142018451,867,12294,144,224670
mgeldm_drums_pitchD4_tempo090,0.06310013717421124,0.8189910979228486,0.11717257482487795,0.07738462401166377,828,12294,183,224670
mgeldm_drums_pitchU2,0.06835404668081237,0.8921859545004945,0.12697965791511226,0.08383678780555814,902,12294,109,224670
mgeldm_drums_pitchU4,0.06665654418463407,0.8684470820969338,0.12381019530423747,0.08175198793273618,878,12294,133,224670
mgeldm_drums_pitchU4_tempo110,0.06587645315705494,0.857566765578635,0.12235393734123624,0.08079396142018451,867,12294,144,224670
mgeldm_drums_tempo090,0.06651480637813212,0.8664688427299704,0.12354558916860588,0.0815779180868302,876,12294,135,224670
mgeldm_drums_tempo095,0.06686907020872865,0.8714144411473789,0.12420696461299872,0.08201299547578708,881,12294,130,224670
mgeldm_drums_tempo105,0.06778889899909009,0.884272997032641,0.12592436087048384,0.08314268176999051,894,12294,117,224670
mgeldm_drums_tempo110,0.06835404668081237,0.8921859545004945,0.12697965791511226,0.08383678780555814,902,12294,109,224670
mgeldm_none,8.133387555917039e-05,1.0,0.00016265452179570593,0.00010166527724121104,1,12294,0,224670
mgeldm_other_none,0.06976392251815981,0.9128712871287129,0.12962181920427387,0.0855700337825296,922,12294,88,224670
mgeldm_other_pitchD2,0.06778889899909009,0.8851485148514852,0.12593323003239892,0.0831442282653175,894,12294,116,224670
mgeldm_other_pitchD4,0.06594742440358609,0.8594059405940594,0.12249506068303698,0.08088262700808826,868,12294,142,224670
mgeldm_other_pitchD4_tempo090,0.06523722627737226,0.8495049504950495,0.12116932636633244,0.08001044425379537,858,12294,152,224670
mgeldm_other_pitchU2,0.06651480637813212,0.8673267326732673,0.1235543018335684,0.0815794375116409,876,12294,134,224670
mgeldm_other_pitchU4,0.06701070046292783,0.8742574257425743,0.124480157891027,0.08218846569120221,883,12294,127,224670
mgeldm_other_pitchU4_tempo110,0.06488172206587053,0.8445544554455445,0.12050575686939323,0.0795738646964439,853,12294,157,224670
mgeldm_other_tempo090,0.06722306525037937,0.8772277227722772,0.12487667371388302,0.08244928345430858,886,12294,124,224670
mgeldm_other_tempo095,0.06856580043942723,0.8960396039603961,0.12738405236117953,0.08409842768464483,905,12294,105,224670
mgeldm_other_tempo105,0.06849522654947719,0.8950495049504951,0.12725225225225226,0.08401174677521282,904,12294,106,224670
mgeldm_other_tempo110,0.06693989071038252,0.8732673267326733,0.12434794868179895,0.08210150053989648,882,12294,128,224670
mgeldm_pitchD2,8.133387555917039e-05,1.0,0.00016265452179570593,0.00010166527724121104,1,12294,0,224670
mgeldm_pitchD4,8.133387555917039e-05,1.0,0.00016265452179570593,0.00010166527724121104,1,12294,0,224670
mgeldm_pitchD4_tempo090,8.133387555917039e-05,1.0,0.00016265452179570593,0.00010166527724121104,1,12294,0,224670
mgeldm_pitchU2,8.133387555917039e-05,1.0,0.00016265452179570593,0.00010166527724121104,1,12294,0,224670
mgeldm_pitchU4,8.133387555917039e-05,1.0,0.00016265452179570593,0.00010166527724121104,1,12294,0,224670
mgeldm_pitchU4_tempo110,8.133387555917039e-05,1.0,0.00016265452179570593,0.00010166527724121104,1,12294,0,224670
mgeldm_tempo090,8.133387555917039e-05,1.0,0.00016265452179570593,0.00010166527724121104,1,12294,0,224670
mgeldm_tempo095,8.133387555917039e-05,1.0,0.00016265452179570593,0.00010166527724121104,1,12294,0,224670
mgeldm_tempo105,8.133387555917039e-05,1.0,0.00016265452179570593,0.00010166527724121104,1,12294,0,224670
mgeldm_tempo110,8.133387555917039e-05,1.0,0.00016265452179570593,0.00010166527724121104,1,12294,0,224670
mgeldm_vocals,0.0,0.0,0.0,0.0,0,12294,1,224670
musicgen_none,0.0810972419463338,0.8900738310090238,0.14865050006850253,0.09911391248743948,1085,12294,134,224670
musicgen_pitchD2,0.08178355366345508,0.8982772764561116,0.14991785323110624,0.09995435874030123,1095,12294,124,224670
musicgen_pitchD4,0.08061621298235118,0.8843314191960624,0.14776231923788638,0.09852486884676549,1078,12294,141,224670
musicgen_pitchD4_tempo090,0.07917009961800614,0.867104183757178,0.1450926561427591,0.09675411456712374,1057,12294,162,224670
musicgen_pitchU2,0.07992815446789403,0.8761279737489746,0.14649201015019547,0.09768233120529753,1068,12294,151,224670
musicgen_pitchU4,0.07992815446789403,0.8761279737489746,0.14649201015019547,0.09768233120529753,1068,12294,151,224670
musicgen_pitchU4_tempo110,0.08082242990654205,0.8867924528301887,0.14814307249554612,0.0987773899376816,1081,12294,138,224670
musicgen_tempo090,0.08020350142151728,0.8794093519278097,0.14700034281796368,0.09801949417552072,1072,12294,147,224670
musicgen_tempo095,0.08061621298235118,0.8843314191960624,0.14776231923788638,0.09852486884676549,1078,12294,141,224670
musicgen_tempo105,0.08068496223734391,0.8851517637407711,0.14788925438596492,0.09860905485185795,1079,12294,140,224670
musicgen_tempo110,0.08040990350811579,0.881870385561936,0.1473814093775706,0.0982722369503611,1075,12294,144,224670
none_pitchD2,0.09020942795826241,1.0,0.16549008960086886,0.11027482766731198,1219,12294,0,224670
none_pitchD4,0.09000740192450037,0.9975389663658737,0.16511643696109715,0.11002732586546987,1216,12294,3,224670
none_pitchD4_tempo090,0.08940078512702762,0.9901558654634947,0.1639945652173913,0.10928417507198088,1207,12294,12,224670
none_pitchU2,0.09020942795826241,1.0,0.16549008960086886,0.11027482766731198,1219,12294,0,224670
none_pitchU4,0.09007475390422619,0.9983593109105825,0.16524100475220638,0.11010983840906212,1217,12294,2,224670
none_pitchU4_tempo110,0.0898052861479233,0.9950779327317474,0.1647426320793155,0.1097797165456948,1213,12294,6,224670
none_tempo090,0.09020942795826241,1.0,0.16549008960086886,0.11027482766731198,1219,12294,0,224670
none_tempo095,0.09020942795826241,1.0,0.16549008960086886,0.11027482766731198,1219,12294,0,224670
none_tempo105,0.09020942795826241,1.0,0.16549008960086886,0.11027482766731198,1219,12294,0,224670
none_tempo110,0.09020942795826241,1.0,0.16549008960086886,0.11027482766731198,1219,12294,0,224670
smp_pitchD2,0.13786816269284713,0.5232898589299974,0.21823833046567132,0.16168560948731023,1966,12294,1791,224670
smp_pitchD4,0.13611130630314103,0.5155709342560554,0.21536579942183678,0.1596051482342084,1937,12294,1820,224670
smp_pitchD4_tempo090,0.1269086002414601,0.47564546180463135,0.20035878461710954,0.14871590020139477,1787,12294,1970,224670
smp_pitchU2,0.13410339484434428,0.5067873303167421,0.21208576998050682,0.15722803019042428,1904,12294,1853,224670
smp_pitchU4,0.13122747509009963,0.49427734894862924,0.20739334375698013,0.15382448932257584,1857,12294,1900,224670
smp_pitchU4_tempo110,0.1278995530964035,0.4799041788661166,0.20197154699227063,0.14988777121955274,1803,12294,1954,224670
smp_tempo090,0.14027972027972027,0.5339366515837104,0.22218530209890902,0.16454221828502058,2006,12294,1751,224670
smp_tempo095,0.14249843063402384,0.543784934788395,0.22582071404885598,0.16717126258080353,2043,12294,1714,224670
smp_tempo105,0.14345433010520448,0.5480436518498802,0.22738818332413033,0.16830420637904822,2059,12294,1698,224670
smp_tempo110,0.1418400111685048,0.5408570668086239,0.22474146988884589,0.16639098606311722,2032,12294,1725,224670
