feature,importance_mean,importance_std,family
clews_stable_core_mean_delta,0.04942213939676654,0.0031527714706061157,CLEWS Delta Summaries
clews_delta_p90,0.03806293508490142,0.0021888578310556802,CLEWS Delta Summaries
clews_delta_p95,0.029846730471164686,0.001002701296737011,CLEWS Delta Summaries
clews_manhattan_distance,0.024957902252816577,0.0015654366403483146,CLEWS Distances
clews_active_dims_q75_global,0.0241717082042318,0.002099848689284102,CLEWS Delta Summaries
wealy_cosine_distance,0.017685782998994724,0.0009726789980613843,WEALY Distances
clews_delta_std,0.015501076110877898,0.0016153022234683186,CLEWS Delta Summaries
clews_delta_l2,0.01101288683014261,0.0010167259622802674,CLEWS Delta Summaries
wealy_stable_core_mean_delta,0.006965318368687678,0.0012166361503896878,WEALY Delta Summaries
clews_topdim_265,0.006582120761634558,0.001255993447182517,CLEWS Raw Top-K Dims
clews_topdim_365,0.005055272763168417,0.0008252369872048805,CLEWS Raw Top-K Dims
clews_topdim_853,0.0047703855103180095,0.0005484541241511763,CLEWS Raw Top-K Dims
clews_topdim_83,0.0047188710973684826,8.06272886512415e-05,CLEWS Raw Top-K Dims
clews_topdim_652,0.004342939828504577,0.0007477625885453983,CLEWS Raw Top-K Dims
clews_topdim_210,0.004199097704617971,0.0004418153840479162,CLEWS Raw Top-K Dims
clews_topdim_455,0.00419457177004956,0.0004894981019475868,CLEWS Raw Top-K Dims
clews_topdim_84,0.004102955756381999,0.0008698423632586998,CLEWS Raw Top-K Dims
clews_topdim_751,0.004079993441614782,0.00045866592136391813,CLEWS Raw Top-K Dims
clews_topdim_831,0.0036536433669791314,0.0005492200112500974,CLEWS Raw Top-K Dims
clews_topdim_417,0.0035992867459109235,0.0007421078579591447,CLEWS Raw Top-K Dims
clews_topdim_346,0.0035850561557916106,0.001051727985719119,CLEWS Raw Top-K Dims
clews_topdim_1019,0.0033940060667752682,0.00032766499906466663,CLEWS Raw Top-K Dims
clews_topdim_605,0.0033815152731905495,0.00130089932850517,CLEWS Raw Top-K Dims
clews_topdim_266,0.0032626932795859266,0.00029131265237447167,CLEWS Raw Top-K Dims
clews_topdim_557,0.003215267010457268,0.0008317226578953889,CLEWS Raw Top-K Dims
clews_topdim_248,0.00309820739902793,0.0011164082031898121,CLEWS Raw Top-K Dims
clews_topdim_945,0.003083723582953235,0.0009593502296176737,CLEWS Raw Top-K Dims
clews_topdim_347,0.003004863798126478,0.0008130854761641587,CLEWS Raw Top-K Dims
clews_topdim_672,0.0029291874786068874,0.000489786416821217,CLEWS Raw Top-K Dims
clews_topdim_350,0.0027561521296301404,0.000502726810153797,CLEWS Raw Top-K Dims
clews_topdim_290,0.00265089560892684,0.0004784285487285373,CLEWS Raw Top-K Dims
clews_topdim_527,0.002643304663442292,0.0006465990535849958,CLEWS Raw Top-K Dims
clews_topdim_509,0.0026272857310553955,0.0010823299412506164,CLEWS Raw Top-K Dims
clews_topdim_589,0.002522326923105034,0.0005923071134497664,CLEWS Raw Top-K Dims
clews_delta_median,0.0025106532479289402,0.0006427950554166814,CLEWS Delta Summaries
clews_topdim_698,0.002486339631997336,0.0005875126774504379,CLEWS Raw Top-K Dims
clews_topdim_142,0.00244458250708266,0.0004886739186461833,CLEWS Raw Top-K Dims
clews_topdim_690,0.0024334886215952923,0.0006447056526259859,CLEWS Raw Top-K Dims
clews_topdim_985,0.002410884801416291,0.0005018171642167014,CLEWS Raw Top-K Dims
clews_topdim_362,0.0023803582537694767,0.0004949721769176646,CLEWS Raw Top-K Dims
clews_topdim_630,0.002368137396077374,0.000796991730873879,CLEWS Raw Top-K Dims
clews_topdim_741,0.0023185148610221475,0.00019114155349511373,CLEWS Raw Top-K Dims
clews_topdim_322,0.0022626159828241345,0.0006443540593447919,CLEWS Raw Top-K Dims
clews_topdim_981,0.002197398509804338,0.000754036868939849,CLEWS Raw Top-K Dims
clews_topdim_837,0.0021945027122770577,0.0008467880886597803,CLEWS Raw Top-K Dims
clews_topdim_491,0.0021917683349648386,0.0006009531074261792,CLEWS Raw Top-K Dims
clews_topdim_153,0.002167524836490897,0.0005282989253810232,CLEWS Raw Top-K Dims
clews_topdim_371,0.0021583048865085218,0.0007190591825347378,CLEWS Raw Top-K Dims
clews_topdim_716,0.0021419330837491703,0.0006476038811401399,CLEWS Raw Top-K Dims
clews_topdim_828,0.002056272216285393,0.0004317279637317935,CLEWS Raw Top-K Dims
clews_topdim_450,0.0019958030790770743,0.000641128803134126,CLEWS Raw Top-K Dims
clews_topdim_112,0.0019601929763291446,0.0007958511319790994,CLEWS Raw Top-K Dims
clews_topdim_999,0.0019433230272474678,0.00024845368792173167,CLEWS Raw Top-K Dims
clews_topdim_944,0.0018764839864209072,0.000319585216142741,CLEWS Raw Top-K Dims
clews_topdim_419,0.0018758063185680962,0.0002720137654251437,CLEWS Raw Top-K Dims
clews_topdim_975,0.0018576251771762254,0.0004416515671695907,CLEWS Raw Top-K Dims
clews_topdim_811,0.001852707769966666,0.0003599587663219971,CLEWS Raw Top-K Dims
clews_topdim_849,0.0018474062328827756,0.001190662887146856,CLEWS Raw Top-K Dims
clews_topdim_427,0.0018382340827721722,0.0005564167328982876,CLEWS Raw Top-K Dims
clews_topdim_498,0.001808181463409797,0.0005536779753015297,CLEWS Raw Top-K Dims
clews_topdim_35,0.0017939941829870688,0.0003597462223539693,CLEWS Raw Top-K Dims
clews_topdim_496,0.0017897181658258488,0.0004447614008677744,CLEWS Raw Top-K Dims
clews_topdim_644,0.001769894344800238,0.0006593658730000441,CLEWS Raw Top-K Dims
clews_topdim_933,0.0017579471662134472,0.0011149493958572253,CLEWS Raw Top-K Dims
clews_topdim_270,0.0017551705009068996,0.000662440476212827,CLEWS Raw Top-K Dims
clews_topdim_679,0.0017489954243711692,0.00023233591903792575,CLEWS Raw Top-K Dims
clews_topdim_375,0.0017342922968387243,0.0005275184359568694,CLEWS Raw Top-K Dims
clews_topdim_356,0.0017191426973098612,0.0004571539347178292,CLEWS Raw Top-K Dims
clews_topdim_246,0.0017077610376670105,0.00042538514859474433,CLEWS Raw Top-K Dims
clews_topdim_242,0.001685991363300654,9.210980474697873e-05,CLEWS Raw Top-K Dims
clews_topdim_475,0.0016816214666315553,0.0009226157225125022,CLEWS Raw Top-K Dims
clews_topdim_4,0.0016710262039582036,0.0008947435670132855,CLEWS Raw Top-K Dims
clews_topdim_1006,0.0016500206709361143,0.000379023748023299,CLEWS Raw Top-K Dims
clews_topdim_691,0.0016349955838238727,0.0003036478015682579,CLEWS Raw Top-K Dims
clews_topdim_865,0.0016132569666936325,0.0005873472088166265,CLEWS Raw Top-K Dims
clews_topdim_503,0.001608534539657125,0.0003549353419227593,CLEWS Raw Top-K Dims
clews_topdim_286,0.0015917445058858614,0.00016689863245806434,CLEWS Raw Top-K Dims
clews_topdim_670,0.001590824827066939,0.0007260143011977368,CLEWS Raw Top-K Dims
clews_topdim_758,0.0015904038508717689,0.000378053252199329,CLEWS Raw Top-K Dims
clews_topdim_452,0.0015824175948930819,0.0005914196628800903,CLEWS Raw Top-K Dims
clews_topdim_640,0.0015716281086880501,0.000531126863080366,CLEWS Raw Top-K Dims
clews_topdim_277,0.0015694577658144971,0.0005406477717121873,CLEWS Raw Top-K Dims
clews_topdim_713,0.0015491984678605464,0.0005141708911227831,CLEWS Raw Top-K Dims
clews_topdim_430,0.0015174086652498975,0.0006655219577762708,CLEWS Raw Top-K Dims
clews_topdim_201,0.0015145276286311128,0.00023689923904833866,CLEWS Raw Top-K Dims
clews_topdim_580,0.0014829328082751835,0.00031794722539704045,CLEWS Raw Top-K Dims
clews_topdim_67,0.001448472843659121,0.000460313974383063,CLEWS Raw Top-K Dims
clews_topdim_45,0.0014459291325964242,0.0005396493039425122,CLEWS Raw Top-K Dims
clews_topdim_478,0.0014388290513827062,0.0003869880085082531,CLEWS Raw Top-K Dims
clews_topdim_747,0.0014037401949193117,0.00022256652129581218,CLEWS Raw Top-K Dims
clews_topdim_415,0.001402108435430738,0.0010231198369235073,CLEWS Raw Top-K Dims
clews_topdim_194,0.0013654181979995573,0.000402648603762644,CLEWS Raw Top-K Dims
clews_topdim_601,0.001363589353456951,0.0008010727365162155,CLEWS Raw Top-K Dims
clews_topdim_739,0.0013443814501411522,0.0004222219263004706,CLEWS Raw Top-K Dims
clews_topdim_736,0.001341225685065095,0.00021675037232240604,CLEWS Raw Top-K Dims
clews_topdim_8,0.00132015788410349,0.0003417218576734443,CLEWS Raw Top-K Dims
clews_topdim_87,0.0013076337047347897,0.00036342899288385126,CLEWS Raw Top-K Dims
clews_topdim_553,0.0012901615742617833,0.000306760062523846,CLEWS Raw Top-K Dims
clews_topdim_308,0.0012804169754428551,0.0006179288410873479,CLEWS Raw Top-K Dims
clews_topdim_272,0.0012416029990115706,0.001060575368001082,CLEWS Raw Top-K Dims
clews_topdim_582,0.0012278689195482917,0.0002857975523072404,CLEWS Raw Top-K Dims
clews_topdim_51,0.0012197104940875557,0.0002178241636782903,CLEWS Raw Top-K Dims
clews_topdim_400,0.001205858825428985,0.0007712927227417251,CLEWS Raw Top-K Dims
clews_topdim_681,0.001198248840678473,0.00026575928736465997,CLEWS Raw Top-K Dims
clews_topdim_145,0.0011963664100143045,0.00046560066135989235,CLEWS Raw Top-K Dims
clews_topdim_624,0.0011644276599050763,0.0006855571880765346,CLEWS Raw Top-K Dims
clews_topdim_63,0.0011566878394152936,0.0005002869722403009,CLEWS Raw Top-K Dims
clews_topdim_636,0.0011468911536395953,0.0004095967143995287,CLEWS Raw Top-K Dims
clews_topdim_821,0.0011372106697410621,0.0007002790492492584,CLEWS Raw Top-K Dims
wealy_delta_median,0.0011179870828646131,0.00032925747290363586,WEALY Delta Summaries
clews_topdim_378,0.001082334836966048,0.0001324698175193167,CLEWS Raw Top-K Dims
clews_topdim_227,0.001081410146372419,0.0006515108758290386,CLEWS Raw Top-K Dims
clews_topdim_834,0.0010804810300122148,0.0007232522673720501,CLEWS Raw Top-K Dims
clews_topdim_245,0.0010775616076230232,0.00013785382971946572,CLEWS Raw Top-K Dims
clews_topdim_46,0.0010701570294686213,0.0007757321785951197,CLEWS Raw Top-K Dims
clews_topdim_458,0.0010557936399613111,0.0003169405598570031,CLEWS Raw Top-K Dims
clews_topdim_993,0.0010537681263019128,0.0006945320911526089,CLEWS Raw Top-K Dims
clews_topdim_822,0.0010521917644617407,0.00028477794124434066,CLEWS Raw Top-K Dims
clews_topdim_131,0.0010444428503572079,0.00025067337448983533,CLEWS Raw Top-K Dims
clews_topdim_385,0.0010408629760720433,0.0003656477771020192,CLEWS Raw Top-K Dims
clews_topdim_197,0.0010214491541073345,0.00038771857029713753,CLEWS Raw Top-K Dims
clews_topdim_749,0.001008478767451626,0.00046674565386328585,CLEWS Raw Top-K Dims
clews_topdim_172,0.001004795677806669,0.0005841913631091675,CLEWS Raw Top-K Dims
clews_topdim_627,0.0010036360614376516,0.00035807299351702844,CLEWS Raw Top-K Dims
clews_topdim_563,0.000998267493519478,0.00036836061157902666,CLEWS Raw Top-K Dims
clews_topdim_869,0.0009896778531635953,0.00031094350931386245,CLEWS Raw Top-K Dims
clews_volatile_shell_mean_delta,0.000988066938241694,0.0012375317489528757,CLEWS Delta Summaries
clews_topdim_991,0.0009665515857055773,0.0003558007220370561,CLEWS Raw Top-K Dims
clews_topdim_159,0.0009151194686305208,0.00044007676892249004,CLEWS Raw Top-K Dims
clews_topdim_92,0.0009071002288951968,0.000445232322095324,CLEWS Raw Top-K Dims
clews_topdim_880,0.0009038237409216166,0.000529521284961238,CLEWS Raw Top-K Dims
clews_topdim_132,0.0009029903778830839,0.0012700272976790107,CLEWS Raw Top-K Dims
clews_topdim_536,0.0009019394381801549,0.000264919232497533,CLEWS Raw Top-K Dims
clews_topdim_169,0.0008921641388415669,0.0002817254462848355,CLEWS Raw Top-K Dims
clews_topdim_34,0.0008903734896421156,0.0009518496490934002,CLEWS Raw Top-K Dims
clews_topdim_970,0.0008814847130395043,0.0004710865053694378,CLEWS Raw Top-K Dims
clews_topdim_258,0.0008779798917239346,0.00032098212396916933,CLEWS Raw Top-K Dims
clews_topdim_757,0.0008587180807088091,0.00040853159388513937,CLEWS Raw Top-K Dims
clews_topdim_723,0.000857576123699122,0.0003280262192310469,CLEWS Raw Top-K Dims
clews_topdim_1009,0.0008565459973609135,0.0003405252204948386,CLEWS Raw Top-K Dims
clews_topdim_855,0.0008436394671916814,0.0003829208482239539,CLEWS Raw Top-K Dims
clews_topdim_935,0.0008371410809361101,0.00039464296413566655,CLEWS Raw Top-K Dims
clews_topdim_963,0.0008361154311112395,0.0003207641335277333,CLEWS Raw Top-K Dims
clews_topdim_760,0.0008278222264606506,0.0002448790314334965,CLEWS Raw Top-K Dims
clews_topdim_905,0.0008234002297412779,0.0008282532486048096,CLEWS Raw Top-K Dims
clews_topdim_939,0.0008216004469603133,0.00027758863715553677,CLEWS Raw Top-K Dims
clews_topdim_9,0.0008165819369375215,0.00011435115111509378,CLEWS Raw Top-K Dims
clews_topdim_444,0.0008119591288421324,0.00013476999178267562,CLEWS Raw Top-K Dims
clews_topdim_447,0.0007956607390625647,0.00035003589994334267,CLEWS Raw Top-K Dims
clews_topdim_661,0.0007950462572803296,0.00047072107529886215,CLEWS Raw Top-K Dims
clews_topdim_413,0.0007906288255070893,0.00029763656588015,CLEWS Raw Top-K Dims
clews_topdim_357,0.0007881531234863459,0.00037095013863722214,CLEWS Raw Top-K Dims
clews_topdim_534,0.0007768567108130009,0.0005105671157778633,CLEWS Raw Top-K Dims
clews_topdim_411,0.0007692076779862056,0.0006205740195818067,CLEWS Raw Top-K Dims
clews_topdim_492,0.0007641046854131028,0.0007002460219673241,CLEWS Raw Top-K Dims
clews_topdim_189,0.0007598763453695367,0.0006714783317806515,CLEWS Raw Top-K Dims
clews_topdim_99,0.0007494121562203526,0.00016062548112631046,CLEWS Raw Top-K Dims
clews_topdim_280,0.0007394617981077989,0.00022028034264456688,CLEWS Raw Top-K Dims
clews_topdim_726,0.0007366687344052547,0.0002825667503646885,CLEWS Raw Top-K Dims
clews_topdim_586,0.0007349422076290635,0.0004626614765594441,CLEWS Raw Top-K Dims
clews_topdim_77,0.0007332476726428672,0.0002155946393389235,CLEWS Raw Top-K Dims
clews_topdim_223,0.0007318258302536629,0.0004319280757811847,CLEWS Raw Top-K Dims
clews_topdim_863,0.0007277390340494127,0.0005484260366755551,CLEWS Raw Top-K Dims
clews_topdim_826,0.0007267291381047424,0.00016614498107611682,CLEWS Raw Top-K Dims
clews_topdim_195,0.0007262576857639758,0.0004952740884478211,CLEWS Raw Top-K Dims
clews_topdim_653,0.0007106603049604309,0.00014925284919753561,CLEWS Raw Top-K Dims
clews_topdim_638,0.0007091604346813219,0.0005235402978867546,CLEWS Raw Top-K Dims
clews_topdim_612,0.0007088858182402235,0.00029426797774933497,CLEWS Raw Top-K Dims
clews_topdim_539,0.0007051149265893342,0.0009615583040521716,CLEWS Raw Top-K Dims
clews_topdim_139,0.0006903870416995917,0.00013711441823937754,CLEWS Raw Top-K Dims
clews_topdim_977,0.00068875990304067,0.0002645180513244873,CLEWS Raw Top-K Dims
clews_topdim_120,0.0006876502022610254,0.00061224284779215,CLEWS Raw Top-K Dims
clews_topdim_472,0.0006845798129806457,0.0003993445130247174,CLEWS Raw Top-K Dims
clews_topdim_596,0.0006827386416851988,0.0002681862239498894,CLEWS Raw Top-K Dims
clews_topdim_673,0.0006632781992974346,0.00047790086869155073,CLEWS Raw Top-K Dims
clews_topdim_897,0.0006594246592738218,0.0002291499007113268,CLEWS Raw Top-K Dims
clews_topdim_850,0.0006586083884771998,0.00032065137065767044,CLEWS Raw Top-K Dims
clews_topdim_707,0.0006586019345173888,0.0004840279806563161,CLEWS Raw Top-K Dims
clews_topdim_654,0.0006517741559074252,0.0002042489438553148,CLEWS Raw Top-K Dims
clews_topdim_916,0.0006517725056860213,0.00021585154952735068,CLEWS Raw Top-K Dims
clews_topdim_501,0.0006397924628457341,0.0004411241572303255,CLEWS Raw Top-K Dims
clews_topdim_442,0.0006394610727632922,0.0003323786816535471,CLEWS Raw Top-K Dims
clews_topdim_929,0.000627814508151614,0.00034619413158583275,CLEWS Raw Top-K Dims
clews_topdim_680,0.0006269678583088467,0.0004286596796725251,CLEWS Raw Top-K Dims
clews_topdim_763,0.0006163016312801028,0.00026888674274131775,CLEWS Raw Top-K Dims
clews_topdim_727,0.0006157926396477498,0.0002825597552511289,CLEWS Raw Top-K Dims
clews_topdim_810,0.0006033976854807443,0.0005509070188437909,CLEWS Raw Top-K Dims
clews_topdim_489,0.000600873799197954,0.00016892053553833135,CLEWS Raw Top-K Dims
clews_topdim_354,0.0005985329301440023,0.00031746889291128674,CLEWS Raw Top-K Dims
clews_topdim_606,0.0005964772888614079,0.00033009539733521034,CLEWS Raw Top-K Dims
clews_topdim_243,0.0005942959370228484,0.0002084629530885746,CLEWS Raw Top-K Dims
clews_topdim_345,0.0005855514343527934,0.00031131622701961547,CLEWS Raw Top-K Dims
clews_topdim_603,0.0005854848301481308,0.0004343676881583494,CLEWS Raw Top-K Dims
clews_topdim_141,0.0005742992222377508,0.0010462514172593005,CLEWS Raw Top-K Dims
clews_topdim_1001,0.0005713438611265831,0.0010276323646132418,CLEWS Raw Top-K Dims
clews_topdim_551,0.0005586142404839344,0.000343867483913291,CLEWS Raw Top-K Dims
clews_topdim_846,0.0005557732335927268,0.0003562613014618975,CLEWS Raw Top-K Dims
clews_topdim_666,0.0005555721279016046,0.000201496826738959,CLEWS Raw Top-K Dims
clews_topdim_457,0.0005450693212319501,7.171424454224156e-05,CLEWS Raw Top-K Dims
clews_topdim_353,0.00054002422716386,0.00025577786083824975,CLEWS Raw Top-K Dims
clews_topdim_861,0.0005383083988179438,0.00032382249689383535,CLEWS Raw Top-K Dims
wealy_delta_std,0.0005346271849900663,0.0003115702960359093,WEALY Delta Summaries
clews_topdim_28,0.0005314548021482013,0.00020981282182620009,CLEWS Raw Top-K Dims
clews_topdim_932,0.0005304130253100281,0.0006107449759756776,CLEWS Raw Top-K Dims
clews_topdim_648,0.0005300273396688481,0.00019572327271872396,CLEWS Raw Top-K Dims
clews_topdim_137,0.0005264982366429916,0.00020161603477274653,CLEWS Raw Top-K Dims
clews_topdim_184,0.0005200269857719375,0.0001644015536369539,CLEWS Raw Top-K Dims
clews_topdim_364,0.0005183108507962553,0.0004376448132388469,CLEWS Raw Top-K Dims
clews_topdim_620,0.0005181675140364383,0.00013669535607073127,CLEWS Raw Top-K Dims
clews_topdim_100,0.0005147783595890853,0.00020581263788013607,CLEWS Raw Top-K Dims
clews_topdim_971,0.0005114812867011321,0.0003430125871002207,CLEWS Raw Top-K Dims
clews_topdim_762,0.000509600699670254,0.000401567266419165,CLEWS Raw Top-K Dims
clews_topdim_196,0.0004960729594822855,0.0004117028711674562,CLEWS Raw Top-K Dims
clews_topdim_407,0.0004946475646530723,0.00019602326597102575,CLEWS Raw Top-K Dims
clews_topdim_804,0.000489399370319532,0.0002453050010435977,CLEWS Raw Top-K Dims
clews_topdim_149,0.0004877198611094258,0.00020645604362220995,CLEWS Raw Top-K Dims
clews_topdim_3,0.0004841430378183409,0.00014768979699789246,CLEWS Raw Top-K Dims
clews_topdim_642,0.0004827310396351425,0.00017177522598452302,CLEWS Raw Top-K Dims
clews_topdim_692,0.0004826057586216237,0.0003871802922300257,CLEWS Raw Top-K Dims
clews_topdim_898,0.0004823807008740522,0.0003704831134061601,CLEWS Raw Top-K Dims
clews_topdim_647,0.0004810038994766508,0.00021730079601747386,CLEWS Raw Top-K Dims
clews_topdim_423,0.0004753901381961967,0.00019925791410535775,CLEWS Raw Top-K Dims
clews_topdim_874,0.0004739968572348596,0.0003449838938214676,CLEWS Raw Top-K Dims
clews_topdim_924,0.00047247840199100556,0.0003272880009257097,CLEWS Raw Top-K Dims
clews_topdim_150,0.00047042921116517976,0.0004317402737910667,CLEWS Raw Top-K Dims
clews_topdim_402,0.00046907898016244063,0.0003355325980325783,CLEWS Raw Top-K Dims
clews_topdim_253,0.0004555563855697109,0.00042900806003298903,CLEWS Raw Top-K Dims
clews_topdim_710,0.00043826868471468216,0.00011348316910610622,CLEWS Raw Top-K Dims
clews_topdim_211,0.00043683054883767445,0.0003694884904050442,CLEWS Raw Top-K Dims
clews_topdim_487,0.000426918672469534,0.00019215115676092358,CLEWS Raw Top-K Dims
clews_topdim_57,0.0004248472608363807,0.00024583960310917857,CLEWS Raw Top-K Dims
clews_topdim_256,0.00042482043731975063,0.00021351822372895875,CLEWS Raw Top-K Dims
clews_topdim_175,0.0004232123355112138,0.00019917207430074338,CLEWS Raw Top-K Dims
clews_topdim_369,0.000418173621339335,0.0002676346637098813,CLEWS Raw Top-K Dims
clews_topdim_409,0.00041478415957063586,0.00016284296043887024,CLEWS Raw Top-K Dims
clews_topdim_16,0.00041141656052681166,0.00015348566563805246,CLEWS Raw Top-K Dims
clews_topdim_403,0.0004093380587484541,0.0007093195498723234,CLEWS Raw Top-K Dims
clews_topdim_532,0.00040804510921030877,0.00014642727483756392,CLEWS Raw Top-K Dims
clews_topdim_66,0.00038770034285025013,0.00030027577121397926,CLEWS Raw Top-K Dims
clews_topdim_205,0.0003826251874675668,0.00019668501710242136,CLEWS Raw Top-K Dims
clews_topdim_775,0.00038103313221915514,0.0002803338334912702,CLEWS Raw Top-K Dims
clews_topdim_130,0.00037940075353992686,0.000336789668430037,CLEWS Raw Top-K Dims
clews_topdim_703,0.00037771464280882404,0.00014588807663589348,CLEWS Raw Top-K Dims
clews_topdim_555,0.0003775693286960591,4.806783861113732e-05,CLEWS Raw Top-K Dims
clews_topdim_965,0.00037235153560324365,0.00026051274253062197,CLEWS Raw Top-K Dims
clews_topdim_618,0.0003707211385242104,0.00021597784215121214,CLEWS Raw Top-K Dims
clews_topdim_566,0.0003692761783680165,0.0005022000909841821,CLEWS Raw Top-K Dims
clews_topdim_284,0.00036907412017102016,0.00010109243547020676,CLEWS Raw Top-K Dims
clews_topdim_47,0.00036732774476866403,0.0002767358090898248,CLEWS Raw Top-K Dims
clews_topdim_997,0.0003666553939611683,0.000977422157906937,CLEWS Raw Top-K Dims
clews_topdim_217,0.00035763791199685537,0.0003969764230127302,CLEWS Raw Top-K Dims
clews_topdim_48,0.000353800131960047,0.00030765853838185195,CLEWS Raw Top-K Dims
clews_topdim_592,0.00035222652499047327,0.0001572258995474331,CLEWS Raw Top-K Dims
clews_topdim_268,0.0003335291973830534,0.00032737665077378067,CLEWS Raw Top-K Dims
clews_topdim_909,0.0003305463307909706,0.00047857320377848995,CLEWS Raw Top-K Dims
clews_topdim_232,0.0003234197686109441,0.0004720393781087192,CLEWS Raw Top-K Dims
clews_topdim_784,0.00032179579756224096,0.00011159598480936123,CLEWS Raw Top-K Dims
clews_topdim_143,0.00032008734067221487,0.000296221574319995,CLEWS Raw Top-K Dims
clews_topdim_565,0.00031999596160188216,0.00032819720232829384,CLEWS Raw Top-K Dims
clews_topdim_1020,0.0003199775074392397,0.000573506311990397,CLEWS Raw Top-K Dims
clews_topdim_984,0.0003162346697877849,0.00045132047136830697,CLEWS Raw Top-K Dims
clews_topdim_433,0.00031492351559916367,0.0002912498791389104,CLEWS Raw Top-K Dims
clews_topdim_404,0.00031327326832737424,0.00035516503077274547,CLEWS Raw Top-K Dims
clews_topdim_896,0.00030325935729946796,0.00024126798609660612,CLEWS Raw Top-K Dims
clews_topdim_497,0.00030307497144428376,0.00010370609147695939,CLEWS Raw Top-K Dims
clews_topdim_508,0.0003009475980381371,0.0005086322065516149,CLEWS Raw Top-K Dims
clews_topdim_154,0.00028943333426625364,0.00032496496986831263,CLEWS Raw Top-K Dims
clews_topdim_174,0.00028786244382590366,0.00013927875207776397,CLEWS Raw Top-K Dims
clews_topdim_980,0.00028606800780019983,0.00030042174024427315,CLEWS Raw Top-K Dims
clews_topdim_717,0.00028449998437656275,0.0007400683879610758,CLEWS Raw Top-K Dims
clews_topdim_259,0.00028448399231544296,0.0001742182065997326,CLEWS Raw Top-K Dims
clews_topdim_397,0.00028282303730164937,0.0003640228978146674,CLEWS Raw Top-K Dims
clews_topdim_420,0.000281107974411543,0.00031144072061296146,CLEWS Raw Top-K Dims
clews_topdim_1,0.0002794526159566324,0.0004286035095453447,CLEWS Raw Top-K Dims
clews_topdim_559,0.0002794277884056617,0.00016913501803005314,CLEWS Raw Top-K Dims
wealy_delta_mean,0.0002792846028675022,0.0004667382914808988,WEALY Delta Summaries
clews_topdim_70,0.00027779535510790153,0.00020263951376676615,CLEWS Raw Top-K Dims
clews_topdim_437,0.000276034853040108,0.00016056963248728902,CLEWS Raw Top-K Dims
clews_topdim_883,0.0002676399046471989,0.00014506739209760102,CLEWS Raw Top-K Dims
clews_topdim_600,0.0002625510439468792,0.000276827779030735,CLEWS Raw Top-K Dims
clews_topdim_126,0.0002623979895157058,0.00043676272457094,CLEWS Raw Top-K Dims
clews_topdim_387,0.0002588968197959618,0.000394753219141506,CLEWS Raw Top-K Dims
clews_topdim_581,0.00025397369622519593,0.00026598936771308373,CLEWS Raw Top-K Dims
clews_topdim_188,0.0002489705398118769,0.00020200008906705826,CLEWS Raw Top-K Dims
wealy_delta_l2,0.0002488894002120601,0.0002732654869844095,WEALY Delta Summaries
clews_topdim_819,0.00024818957197638716,0.0007315631811659664,CLEWS Raw Top-K Dims
clews_topdim_358,0.00024721746713809447,0.000237531762879839,CLEWS Raw Top-K Dims
clews_topdim_779,0.00024713139619452206,0.00029051566083183227,CLEWS Raw Top-K Dims
clews_topdim_550,0.00024370410679110943,0.00037546582470056805,CLEWS Raw Top-K Dims
clews_topdim_573,0.00024262427057439862,0.0004706843491370809,CLEWS Raw Top-K Dims
clews_topdim_1013,0.00023866973326998054,0.00026090953567841144,CLEWS Raw Top-K Dims
clews_topdim_331,0.00023565991610248195,0.00045220860136015027,CLEWS Raw Top-K Dims
clews_topdim_952,0.00023536877255971866,0.0001255979943620942,CLEWS Raw Top-K Dims
clews_topdim_803,0.00023195617504865318,0.000141002282188442,CLEWS Raw Top-K Dims
clews_topdim_129,0.00023018877262617198,0.00021669262818568667,CLEWS Raw Top-K Dims
clews_topdim_355,0.00022352643796721416,0.000190298615686165,CLEWS Raw Top-K Dims
clews_topdim_337,0.00022189258694587098,9.845025162909349e-05,CLEWS Raw Top-K Dims
clews_topdim_192,0.00022171606788574661,0.00027980828116511256,CLEWS Raw Top-K Dims
clews_topdim_772,0.00020662025876505563,0.0001355136449143473,CLEWS Raw Top-K Dims
clews_topdim_994,0.00020654230399230755,0.00033025100045264936,CLEWS Raw Top-K Dims
clews_topdim_790,0.00020644553126334398,0.0006612133551589656,CLEWS Raw Top-K Dims
clews_topdim_687,0.00020490986308718817,6.139016698172321e-05,CLEWS Raw Top-K Dims
clews_topdim_80,0.00020482071577097028,0.0003336933616003214,CLEWS Raw Top-K Dims
clews_topdim_599,0.0002046578284108147,0.0007412428137462516,CLEWS Raw Top-K Dims
clews_topdim_396,0.0001998392147892769,0.00010960148360735563,CLEWS Raw Top-K Dims
clews_topdim_816,0.00019617577139534602,0.0009093614160948793,CLEWS Raw Top-K Dims
clews_topdim_335,0.00019473826469551536,0.0002870329790518161,CLEWS Raw Top-K Dims
clews_topdim_313,0.00018960523084077252,0.0003200994679907233,CLEWS Raw Top-K Dims
clews_topdim_629,0.00018782531574157435,0.0006022876125911615,CLEWS Raw Top-K Dims
clews_topdim_97,0.00018288146658571592,0.00046096374628005896,CLEWS Raw Top-K Dims
clews_topdim_212,0.0001760246002733057,0.0004219065342502076,CLEWS Raw Top-K Dims
clews_topdim_187,0.0001759399019708896,0.0004108055164192205,CLEWS Raw Top-K Dims
clews_topdim_299,0.00017449300605112405,0.0002868504911992127,CLEWS Raw Top-K Dims
clews_topdim_633,0.0001726789038333898,0.00029658645878217685,CLEWS Raw Top-K Dims
clews_topdim_65,0.0001709137598504995,0.00026415305022751056,CLEWS Raw Top-K Dims
clews_topdim_252,0.00016928847249713107,0.00018099562838640052,CLEWS Raw Top-K Dims
clews_topdim_548,0.00016760973695404414,0.0002587644817155232,CLEWS Raw Top-K Dims
clews_topdim_989,0.0001658934890014896,0.0003392260348068868,CLEWS Raw Top-K Dims
clews_delta_max,0.0001592764240230915,0.0003828833609137173,CLEWS Delta Summaries
clews_topdim_288,0.00015917394101236937,0.000158480901856566,CLEWS Raw Top-K Dims
wealy_delta_p95,0.00015917048274756153,0.0002155134708453811,WEALY Delta Summaries
clews_topdim_294,0.00015245582033720506,0.00029847879005423023,CLEWS Raw Top-K Dims
clews_topdim_26,0.00015244231942388443,0.00022551331050676108,CLEWS Raw Top-K Dims
clews_topdim_158,0.00015240577101078846,0.00015488514297651586,CLEWS Raw Top-K Dims
clews_topdim_340,0.0001455022106574777,0.00033651538797795295,CLEWS Raw Top-K Dims
clews_topdim_116,0.00014386313513885528,0.0003134314583934189,CLEWS Raw Top-K Dims
clews_topdim_761,0.0001354225908992479,0.00022937792538488003,CLEWS Raw Top-K Dims
clews_topdim_488,0.0001337549940534366,0.0003621633851544251,CLEWS Raw Top-K Dims
clews_topdim_621,0.00013212691311066395,0.0001943847251076767,CLEWS Raw Top-K Dims
clews_topdim_107,0.000126995574022426,0.00013553992401218226,CLEWS Raw Top-K Dims
clews_topdim_341,0.00012528137935041705,0.00021855494238125667,CLEWS Raw Top-K Dims
clews_topdim_840,0.00012515322135293606,0.0004168820721080537,CLEWS Raw Top-K Dims
clews_topdim_783,0.0001168910522391986,7.594101529955753e-05,CLEWS Raw Top-K Dims
clews_topdim_468,0.00011004858500174297,0.0004138437393788027,CLEWS Raw Top-K Dims
wealy_delta_p90,0.00010160702324648607,0.0001736438360700235,WEALY Delta Summaries
clews_topdim_979,9.823804711721618e-05,0.00025467278955517184,CLEWS Raw Top-K Dims
clews_topdim_1002,9.319143034849375e-05,0.0002002457438566141,CLEWS Raw Top-K Dims
clews_topdim_297,8.473659402392641e-05,0.0001800394571826538,CLEWS Raw Top-K Dims
clews_topdim_859,7.781056470343995e-05,0.0002458257387506135,CLEWS Raw Top-K Dims
clews_topdim_626,7.445216576453805e-05,0.0006479178478307429,CLEWS Raw Top-K Dims
clews_topdim_938,7.122842966049703e-05,0.0002274759166726879,CLEWS Raw Top-K Dims
clews_topdim_12,6.943938334438293e-05,0.00014332439287014233,CLEWS Raw Top-K Dims
clews_topdim_856,6.425214077301344e-05,0.000250122503468263,CLEWS Raw Top-K Dims
clews_topdim_797,6.394188491349872e-05,0.0007045040372684754,CLEWS Raw Top-K Dims
clews_topdim_269,6.263634020480247e-05,0.00024734519294331155,CLEWS Raw Top-K Dims
clews_topdim_260,5.530765833299256e-05,0.0007615074083536628,CLEWS Raw Top-K Dims
clews_topdim_569,5.433890827699628e-05,0.00010098559548992625,CLEWS Raw Top-K Dims
clews_topdim_148,5.247382706823345e-05,0.0001386957147036961,CLEWS Raw Top-K Dims
clews_topdim_616,5.076690743555101e-05,0.00045527192353615736,CLEWS Raw Top-K Dims
clews_topdim_738,4.734478799273134e-05,0.00013760934636695537,CLEWS Raw Top-K Dims
clews_topdim_191,4.5770804532718756e-05,0.0001555904650102224,CLEWS Raw Top-K Dims
clews_topdim_844,4.053884812726949e-05,0.00020950182386207772,CLEWS Raw Top-K Dims
clews_topdim_894,3.563523699463555e-05,0.00012827987307783732,CLEWS Raw Top-K Dims
clews_topdim_562,3.381422700901027e-05,0.0004830050034706046,CLEWS Raw Top-K Dims
clews_topdim_334,2.3537377778315437e-05,0.00020348057232722375,CLEWS Raw Top-K Dims
clews_topdim_0,2.205891124646975e-05,0.0002659523619992359,CLEWS Raw Top-K Dims
clews_topdim_645,2.1908731484931997e-05,0.00019875186111553965,CLEWS Raw Top-K Dims
clews_topdim_477,2.1772293680433207e-05,0.00035374245281000476,CLEWS Raw Top-K Dims
clews_topdim_440,1.856305723464402e-05,0.00016085804687033617,CLEWS Raw Top-K Dims
clews_topdim_632,1.6968018222418556e-05,0.00012196810325913342,CLEWS Raw Top-K Dims
clews_topdim_298,1.1873711071364035e-05,0.00020664212977642349,CLEWS Raw Top-K Dims
clews_topdim_851,1.1213981135438367e-05,0.0007566659532470961,CLEWS Raw Top-K Dims
clews_topdim_611,3.353967317432094e-06,0.0001728782425114477,CLEWS Raw Top-K Dims
clews_topdim_261,-1.7030614004598377e-06,0.0002587484301119988,CLEWS Raw Top-K Dims
clews_topdim_700,-1.7303339455709832e-06,0.00011594505020275019,CLEWS Raw Top-K Dims
clews_topdim_598,-1.8574313332297975e-06,0.00025621727760790123,CLEWS Raw Top-K Dims
clews_topdim_794,-5.145990395116762e-06,0.00017885948833440047,CLEWS Raw Top-K Dims
clews_topdim_908,-1.0171063120179014e-05,0.0002601852488127414,CLEWS Raw Top-K Dims
clews_topdim_422,-1.1947512979126885e-05,0.00025007531167700505,CLEWS Raw Top-K Dims
clews_topdim_678,-1.217241504438693e-05,0.0004727799884620193,CLEWS Raw Top-K Dims
clews_topdim_485,-1.3819859301800186e-05,0.0006637937837979157,CLEWS Raw Top-K Dims
clews_topdim_202,-1.6938200009319893e-05,0.00010235099240899016,CLEWS Raw Top-K Dims
wealy_delta_max,-1.8635050313164923e-05,3.727010062632985e-05,WEALY Delta Summaries
clews_topdim_275,-2.0610886045879795e-05,0.0002922325995815078,CLEWS Raw Top-K Dims
clews_topdim_61,-2.197874590808002e-05,0.0004857952522371459,CLEWS Raw Top-K Dims
clews_topdim_401,-2.883752975568754e-05,0.000269478084982434,CLEWS Raw Top-K Dims
clews_topdim_957,-3.051454718059343e-05,0.0003833612722392302,CLEWS Raw Top-K Dims
clews_topdim_432,-4.576375890905648e-05,0.0006866695856280737,CLEWS Raw Top-K Dims
clews_topdim_554,-4.779528845668679e-05,0.0006385837778944807,CLEWS Raw Top-K Dims
clews_topdim_704,-4.9140101263822625e-05,0.00018118917429630705,CLEWS Raw Top-K Dims
clews_topdim_370,-4.916866951520937e-05,0.00010968665230458069,CLEWS Raw Top-K Dims
clews_topdim_520,-5.0879239928969255e-05,0.00015598543144637806,CLEWS Raw Top-K Dims
clews_topdim_138,-5.098295261189989e-05,0.00038555490973558474,CLEWS Raw Top-K Dims
clews_topdim_530,-6.250847448634467e-05,0.0006233325524911178,CLEWS Raw Top-K Dims
clews_topdim_968,-6.267767931498192e-05,0.0002898526946383801,CLEWS Raw Top-K Dims
clews_topdim_791,-6.618460060898723e-05,0.0004573136085276447,CLEWS Raw Top-K Dims
clews_topdim_871,-6.939153749323524e-05,0.0003164831897049196,CLEWS Raw Top-K Dims
clews_topdim_799,-6.949254850419084e-05,0.00032693290944753393,CLEWS Raw Top-K Dims
clews_topdim_868,-7.109444701356438e-05,0.00014649601440627698,CLEWS Raw Top-K Dims
clews_topdim_289,-7.271072305401472e-05,0.00023351756697292172,CLEWS Raw Top-K Dims
clews_topdim_221,-8.010786676422299e-05,0.0006783028447250995,CLEWS Raw Top-K Dims
clews_topdim_235,-8.298920159564017e-05,0.0003539847369012567,CLEWS Raw Top-K Dims
clews_topdim_441,-8.30632826194222e-05,0.00015736331322727454,CLEWS Raw Top-K Dims
clews_topdim_769,-8.51098730640043e-05,0.0005132929480113213,CLEWS Raw Top-K Dims
clews_topdim_602,-8.98245945393894e-05,0.00012544498589210556,CLEWS Raw Top-K Dims
clews_topdim_379,-8.982794977678843e-05,0.0003343681855261261,CLEWS Raw Top-K Dims
clews_topdim_262,-9.186710976929468e-05,0.0008388166382178359,CLEWS Raw Top-K Dims
clews_topdim_513,-9.648284909506977e-05,0.0003617238399057067,CLEWS Raw Top-K Dims
clews_topdim_921,-9.835576043188965e-05,0.0005772681439359039,CLEWS Raw Top-K Dims
clews_delta_mean,-0.00011329942807516424,0.0004313848219070223,CLEWS Delta Summaries
clews_topdim_538,-0.00012034535940390612,0.00016180669207167003,CLEWS Raw Top-K Dims
clews_topdim_759,-0.00012541315975134193,0.0001436994011634567,CLEWS Raw Top-K Dims
clews_topdim_304,-0.0001261082500292554,0.0004903345587682724,CLEWS Raw Top-K Dims
clews_topdim_806,-0.0001269877279499676,0.00022881392071956056,CLEWS Raw Top-K Dims
clews_topdim_32,-0.0001271679224651212,0.0006927571603666543,CLEWS Raw Top-K Dims
clews_topdim_431,-0.00013270535620406586,0.0004527097884639866,CLEWS Raw Top-K Dims
clews_topdim_951,-0.00013378404032189374,0.00038206951501341236,CLEWS Raw Top-K Dims
clews_topdim_885,-0.00013721537858151222,0.000213445931096534,CLEWS Raw Top-K Dims
clews_topdim_655,-0.00013901181919817596,0.00028257043251555294,CLEWS Raw Top-K Dims
wealy_active_dims_q75_global,-0.0001473484481898879,0.00017940662686677665,WEALY Delta Summaries
clews_topdim_316,-0.0001491233710595452,0.00035845672004233196,CLEWS Raw Top-K Dims
clews_topdim_319,-0.00015228319885143282,9.655590633876967e-05,CLEWS Raw Top-K Dims
clews_topdim_231,-0.000152544261094123,0.0003447036186782914,CLEWS Raw Top-K Dims
clews_topdim_323,-0.00015420149438749586,0.0002892135277426199,CLEWS Raw Top-K Dims
clews_topdim_264,-0.00015905940160483302,0.0001771179849733275,CLEWS Raw Top-K Dims
clews_topdim_930,-0.00016108569861539301,0.00019480516335568663,CLEWS Raw Top-K Dims
clews_topdim_888,-0.0001693275794381055,0.00012684679428998194,CLEWS Raw Top-K Dims
clews_topdim_30,-0.00017440819422305244,0.0001390597490691899,CLEWS Raw Top-K Dims
clews_topdim_14,-0.00018290308829485013,4.438589022828639e-05,CLEWS Raw Top-K Dims
clews_topdim_185,-0.00018450820807882628,0.00019030715803116947,CLEWS Raw Top-K Dims
clews_topdim_950,-0.0002001164153924151,0.0002609012848292959,CLEWS Raw Top-K Dims
clews_topdim_785,-0.00020503309872006438,0.00016693510956501095,CLEWS Raw Top-K Dims
clews_topdim_85,-0.0002149297743162526,0.0006817970007867182,CLEWS Raw Top-K Dims
clews_topdim_631,-0.00023532779347252842,0.00013811356981996802,CLEWS Raw Top-K Dims
clews_topdim_429,-0.00024085119193872906,0.0004618591613094442,CLEWS Raw Top-K Dims
clews_topdim_634,-0.0002458010928291676,9.840269670705234e-05,CLEWS Raw Top-K Dims
clews_topdim_38,-0.00025116531261486496,0.00030596518638235356,CLEWS Raw Top-K Dims
clews_topdim_276,-0.00025509385695667854,0.000301976160097595,CLEWS Raw Top-K Dims
clews_topdim_786,-0.00025910175124104206,0.00023392364295543897,CLEWS Raw Top-K Dims
clews_topdim_774,-0.0002609449314235013,0.0001872264868298592,CLEWS Raw Top-K Dims
wealy_volatile_shell_mean_delta,-0.0002620777403988583,0.0008508989396522645,WEALY Delta Summaries
clews_topdim_663,-0.00026437539986012837,0.0002791617184735692,CLEWS Raw Top-K Dims
clews_topdim_781,-0.00026475826772232036,0.0006702486737874426,CLEWS Raw Top-K Dims
clews_topdim_181,-0.0002679726683042949,0.00047191345843895625,CLEWS Raw Top-K Dims
clews_topdim_954,-0.0002734194190435968,0.0005544160389195886,CLEWS Raw Top-K Dims
clews_topdim_815,-0.0002762997560815661,0.00021383832379667596,CLEWS Raw Top-K Dims
clews_topdim_152,-0.0002879087114127987,0.000466798235753638,CLEWS Raw Top-K Dims
clews_topdim_689,-0.00029756287698803343,0.0005098698942695062,CLEWS Raw Top-K Dims
clews_topdim_476,-0.0003169211479708167,0.00011387886395099085,CLEWS Raw Top-K Dims
clews_topdim_219,-0.0003258719677287303,0.0003863151681131478,CLEWS Raw Top-K Dims
clews_topdim_176,-0.0003320256384743203,0.00019599738805691603,CLEWS Raw Top-K Dims
clews_topdim_941,-0.0003399814540225421,0.00037141091190142625,CLEWS Raw Top-K Dims
clews_topdim_109,-0.0003497206924797158,0.0008019544048904249,CLEWS Raw Top-K Dims
clews_topdim_528,-0.00035217491968373424,0.00011679412003443345,CLEWS Raw Top-K Dims
clews_topdim_733,-0.0003575522821639865,0.0003878238969144382,CLEWS Raw Top-K Dims
clews_topdim_1005,-0.0003591921433499845,0.00029378436100345484,CLEWS Raw Top-K Dims
clews_topdim_701,-0.0003592446171218233,0.00019244259398686197,CLEWS Raw Top-K Dims
clews_topdim_486,-0.00038089762584025966,0.0002030434315969701,CLEWS Raw Top-K Dims
clews_topdim_24,-0.0003816812987152973,0.00018671401387127876,CLEWS Raw Top-K Dims
clews_topdim_333,-0.0003964591989088273,0.0005038546245114369,CLEWS Raw Top-K Dims
clews_topdim_282,-0.00040157430799461216,0.0003049646286423321,CLEWS Raw Top-K Dims
clews_topdim_1016,-0.00040289072195327514,0.0009292769232415701,CLEWS Raw Top-K Dims
clews_topdim_449,-0.00041778797160112456,0.00041465704550554256,CLEWS Raw Top-K Dims
clews_topdim_745,-0.00042022530548755375,0.0003121072311820412,CLEWS Raw Top-K Dims
clews_topdim_463,-0.00042200937273468854,0.00014339829526151525,CLEWS Raw Top-K Dims
clews_topdim_5,-0.00042588370676590606,0.0002524909736004888,CLEWS Raw Top-K Dims
clews_topdim_842,-0.0004486855819151314,0.0001592653888702212,CLEWS Raw Top-K Dims
clews_topdim_982,-0.00045148003278452367,0.000549328466637119,CLEWS Raw Top-K Dims
clews_topdim_193,-0.0004543886021432852,0.0006762782066646617,CLEWS Raw Top-K Dims
clews_topdim_443,-0.00045574425775778414,0.00031309067846771346,CLEWS Raw Top-K Dims
clews_topdim_593,-0.0004578602939872001,0.0002107763258336107,CLEWS Raw Top-K Dims
clews_topdim_852,-0.0004795257998833513,0.0004487840983652285,CLEWS Raw Top-K Dims
clews_topdim_516,-0.00048448819633761797,0.0001344927197415696,CLEWS Raw Top-K Dims
clews_topdim_976,-0.000490957491478028,0.00031602799470790624,CLEWS Raw Top-K Dims
clews_topdim_942,-0.0004910358939525184,0.0003544175494381134,CLEWS Raw Top-K Dims
clews_stable_to_volatile_ratio,-0.0004968733065798814,0.0008636575315446039,CLEWS Delta Summaries
clews_topdim_926,-0.0004998832979938639,0.00023774742480069477,CLEWS Raw Top-K Dims
clews_topdim_93,-0.0005081261940146131,0.0002202113125055124,CLEWS Raw Top-K Dims
clews_topdim_615,-0.0005240603081019257,0.00040663765153858307,CLEWS Raw Top-K Dims
clews_topdim_103,-0.0005276959350877019,0.0002911567633673345,CLEWS Raw Top-K Dims
clews_topdim_448,-0.0005308101113453035,0.0002873942543719095,CLEWS Raw Top-K Dims
clews_topdim_10,-0.0005624482537767373,0.0003792299363542608,CLEWS Raw Top-K Dims
clews_topdim_338,-0.0005870091452183423,0.00028630809543221154,CLEWS Raw Top-K Dims
clews_topdim_552,-0.0005889244756439149,0.0006789885000400438,CLEWS Raw Top-K Dims
clews_topdim_171,-0.0005907754478113869,0.00033382496549622836,CLEWS Raw Top-K Dims
clews_topdim_974,-0.000594398837982979,0.0006923747891833734,CLEWS Raw Top-K Dims
clews_topdim_178,-0.0005949149583681868,0.00041979686869033234,CLEWS Raw Top-K Dims
clews_topdim_127,-0.0005989238977962108,0.0003017687321232605,CLEWS Raw Top-K Dims
clews_topdim_140,-0.0006445249841564804,0.00018110614446963368,CLEWS Raw Top-K Dims
clews_topdim_829,-0.0006473641850343714,0.00024464201420496245,CLEWS Raw Top-K Dims
clews_topdim_967,-0.0006633631364210801,0.0008913248634430338,CLEWS Raw Top-K Dims
clews_topdim_847,-0.0006778833370005843,0.00031673682650993506,CLEWS Raw Top-K Dims
clews_topdim_904,-0.0006902808605657729,0.00038645088413646,CLEWS Raw Top-K Dims
clews_topdim_969,-0.0007052354796342364,0.0006114937262609831,CLEWS Raw Top-K Dims
clews_topdim_424,-0.0007189221602755591,0.0005464014362887847,CLEWS Raw Top-K Dims
clews_topdim_940,-0.0007268830491797163,0.0005228051140289264,CLEWS Raw Top-K Dims
clews_topdim_560,-0.0007481733670610113,0.0003844691727760224,CLEWS Raw Top-K Dims
clews_topdim_236,-0.0007528829699867901,0.00024010990212587234,CLEWS Raw Top-K Dims
clews_topdim_101,-0.0007577398183674644,0.00035660585920731594,CLEWS Raw Top-K Dims
clews_topdim_6,-0.0007632736655527994,0.00036295226289917535,CLEWS Raw Top-K Dims
clews_topdim_29,-0.0007699521597612557,0.0006134520573526812,CLEWS Raw Top-K Dims
wealy_stable_to_volatile_ratio,-0.0007843785060380303,0.0007447260925586206,WEALY Delta Summaries
clews_topdim_931,-0.0008024372726137985,0.00017715392034767493,CLEWS Raw Top-K Dims
clews_topdim_470,-0.0008211563385519538,0.00022611922067450565,CLEWS Raw Top-K Dims
clews_topdim_583,-0.0008222209137033643,0.00030124986485252696,CLEWS Raw Top-K Dims
clews_topdim_161,-0.0008402421915323144,0.0004095170069713258,CLEWS Raw Top-K Dims
clews_topdim_511,-0.0008723242004429644,0.00025066909170101643,CLEWS Raw Top-K Dims
clews_topdim_180,-0.0008736102122575585,0.00018634300611429467,CLEWS Raw Top-K Dims
clews_topdim_657,-0.0008760351162628632,0.0003450304299828418,CLEWS Raw Top-K Dims
clews_topdim_351,-0.0008958169839374808,0.0006348863659155585,CLEWS Raw Top-K Dims
clews_topdim_320,-0.0008983775397818361,0.0006032212726481912,CLEWS Raw Top-K Dims
clews_topdim_848,-0.0009024068989406331,0.00029903350985369603,CLEWS Raw Top-K Dims
clews_topdim_104,-0.0009354389174258016,0.00034884028190282243,CLEWS Raw Top-K Dims
clews_topdim_876,-0.0009485629813882124,0.000530309967620752,CLEWS Raw Top-K Dims
clews_topdim_54,-0.0009632181053957689,0.0003267385142273178,CLEWS Raw Top-K Dims
clews_topdim_41,-0.001006542560248791,0.00047128332066666273,CLEWS Raw Top-K Dims
clews_topdim_383,-0.0010466198918991144,0.00019717550654457276,CLEWS Raw Top-K Dims
clews_topdim_879,-0.0010486022486328795,0.00032753916406945817,CLEWS Raw Top-K Dims
clews_topdim_917,-0.0010649329667169471,0.0002450796095362123,CLEWS Raw Top-K Dims
clews_topdim_752,-0.0010929014480230092,0.0004197524168692272,CLEWS Raw Top-K Dims
clews_topdim_519,-0.0011269182728899318,0.00040992244887873264,CLEWS Raw Top-K Dims
clews_topdim_1017,-0.0011307496503435654,0.0006863844516876588,CLEWS Raw Top-K Dims
clews_topdim_324,-0.0011469094538915313,0.0003272339579473633,CLEWS Raw Top-K Dims
clews_topdim_414,-0.0011762212639258474,0.00026647480174890506,CLEWS Raw Top-K Dims
clews_topdim_79,-0.0011769894249351153,0.0005210535258374514,CLEWS Raw Top-K Dims
clews_topdim_329,-0.0012155046282183112,0.000715952739663969,CLEWS Raw Top-K Dims
clews_topdim_906,-0.0012231334030424535,0.0004895589751572154,CLEWS Raw Top-K Dims
clews_topdim_770,-0.0012275230264822135,0.0005108185521530107,CLEWS Raw Top-K Dims
clews_topdim_899,-0.0012530626991420712,0.000287407250364035,CLEWS Raw Top-K Dims
clews_topdim_688,-0.0012624482744860277,0.00033358368997450205,CLEWS Raw Top-K Dims
clews_topdim_238,-0.0013321193059591119,0.00041645153093691333,CLEWS Raw Top-K Dims
clews_topdim_367,-0.0014319147415772892,0.0002643717751833654,CLEWS Raw Top-K Dims
clews_topdim_590,-0.0014678930555039437,0.0003479329626554528,CLEWS Raw Top-K Dims
clews_topdim_160,-0.0015034405098213854,0.0009171237269335131,CLEWS Raw Top-K Dims
clews_topdim_639,-0.001508610038565794,0.00036622404654691396,CLEWS Raw Top-K Dims
clews_topdim_1010,-0.0015155059854872865,0.0009134336980847346,CLEWS Raw Top-K Dims
clews_topdim_675,-0.0015268599777897185,0.00020620316789962654,CLEWS Raw Top-K Dims
clews_topdim_283,-0.001545841702381745,0.00015128552752855177,CLEWS Raw Top-K Dims
clews_topdim_743,-0.0015497797653303501,0.000672778848592005,CLEWS Raw Top-K Dims
clews_topdim_135,-0.0015714618273767079,0.00026770698918187344,CLEWS Raw Top-K Dims
clews_topdim_228,-0.0016010450367591079,0.000747441906709404,CLEWS Raw Top-K Dims
clews_topdim_108,-0.0016062645780126727,0.0002549368066179145,CLEWS Raw Top-K Dims
clews_topdim_523,-0.0016088147151305243,0.00039674116250922487,CLEWS Raw Top-K Dims
clews_topdim_742,-0.0016687474617192333,0.0001870379182811982,CLEWS Raw Top-K Dims
clews_topdim_995,-0.0017034814140377108,0.0003923769358521794,CLEWS Raw Top-K Dims
clews_topdim_305,-0.002079917264866249,0.0004897124311417444,CLEWS Raw Top-K Dims
