model,metric,beta,optimal_threshold,fbeta,f1,pr_auc,precision,recall,accuracy
CLEWS,euclidean_distance,0.5,39.24646682739258,0.6158417426631836,0.41494173050847855,0.5681091711665397,0.9094335533518688,0.268804143126177,0.7490100223619639
CLEWS,cosine_distance,0.5,0.3585961103439331,0.6144352506579486,0.41581621138111313,0.5593503772242359,0.901578126466046,0.27023540489642184,0.7485828511405812
CLEWS,manhattan_distance,0.5,986.3694946289063,0.6167261669660762,0.4114190136942425,0.5680268276401592,0.9242600891890989,0.26461393596986815,0.7493062361426579
CLEWS,pearson_distance,0.5,0.3585938572883606,0.6144600056552418,0.41587374521956344,0.5593294698662086,0.9014836510962253,0.27029190207156306,0.7485890874013161
WEALY,euclidean_distance,0.5,24.465079498291015,0.4190691982699472,0.40876525211247045,0.4574760149580549,0.4266407750577539,0.39401110574796394,0.6146886928522188
WEALY,cosine_distance,0.5,0.7747468948364258,0.443934877297405,0.4339094655535791,0.4731654805761541,0.45088023090501955,0.41817129201170217,0.6302929541413943
WEALY,manhattan_distance,0.5,440.3511291503907,0.42042211137082486,0.4070108860825907,0.45736916401275274,0.42986591076956665,0.3864669941620765,0.6184332116573072
WEALY,pearson_distance,0.5,0.7752875685691833,0.4440535389757502,0.4344636358887423,0.4731456886610562,0.45068594227305486,0.4193703212980397,0.630069504209861
FUSION,euclidean_distance+pearson_distance,0.5,0.19635980684014878,0.6218720270413172,0.4097784906059199,0.5725402863612763,0.9495505287733075,0.2612711864406779,0.7507841894435543
