dimension,mean_abs_corr_others,max_abs_corr,n_partners_above_0.8,redundancy_rank
861,0.155623,0.551908,0,1
938,0.149515,0.636357,0,2
639,0.148482,0.513183,0,3
794,0.146139,0.496338,0,4
993,0.145237,0.560245,0,5
713,0.144867,0.463632,0,6
848,0.144364,0.487861,0,7
940,0.144353,0.527909,0,8
313,0.143081,0.512418,0,9
612,0.141207,0.636357,0,10
890,0.140949,0.549946,0,11
834,0.140777,0.552414,0,12
997,0.139939,0.552414,0,13
440,0.139805,0.515910,0,14
691,0.139098,0.538912,0,15
951,0.139003,0.580148,0,16
9,0.139000,0.555585,0,17
770,0.138712,0.511763,0,18
739,0.138483,0.488909,0,19
135,0.138301,0.507793,0,20
100,0.138094,0.473553,0,21
195,0.137663,0.469392,0,22
211,0.137587,0.549946,0,23
85,0.136805,0.507793,0,24
749,0.136432,0.580148,0,25
991,0.135739,0.484972,0,26
554,0.134631,0.499725,0,27
174,0.134607,0.464548,0,28
48,0.134595,0.438554,0,29
8,0.134348,0.471135,0,30
145,0.134229,0.525856,0,31
1006,0.134054,0.509763,0,32
708,0.133815,0.481449,0,33
345,0.133555,0.473948,0,34
57,0.133489,0.517553,0,35
329,0.133230,0.484440,0,36
378,0.132994,0.517553,0,37
944,0.132867,0.535426,0,38
185,0.132830,0.511747,0,39
797,0.132727,0.496338,0,40
268,0.132590,0.474357,0,41
441,0.132546,0.510988,0,42
355,0.132332,0.530573,0,43
557,0.132241,0.481476,0,44
240,0.132200,0.490589,0,45
885,0.132178,0.520901,0,46
530,0.131693,0.515069,0,47
668,0.131689,0.555585,0,48
368,0.130668,0.522073,0,49
219,0.130645,0.512252,0,50
259,0.130614,0.509243,0,51
654,0.130610,0.495335,0,52
879,0.130341,0.511196,0,53
376,0.130145,0.453257,0,54
551,0.129921,0.509243,0,55
817,0.129724,0.525895,0,56
30,0.129324,0.474357,0,57
99,0.129193,0.520901,0,58
505,0.129157,0.481855,0,59
733,0.129119,0.444760,0,60
422,0.129024,0.530573,0,61
906,0.128523,0.453606,0,62
411,0.128513,0.487979,0,63
816,0.128478,0.538912,0,64
47,0.128397,0.476765,0,65
616,0.128361,0.527133,0,66
896,0.128216,0.511763,0,67
475,0.128166,0.501468,0,68
247,0.128145,0.554758,0,69
488,0.128028,0.522073,0,70
716,0.127969,0.468854,0,71
979,0.127866,0.476077,0,72
899,0.127859,0.486254,0,73
831,0.127804,0.445115,0,74
565,0.127776,0.526548,0,75
493,0.127214,0.475399,0,76
302,0.127153,0.470999,0,77
924,0.127095,0.493313,0,78
134,0.127005,0.455027,0,79
473,0.126986,0.463632,0,80
851,0.126819,0.437991,0,81
359,0.126681,0.506771,0,82
886,0.126593,0.460470,0,83
692,0.126548,0.436754,0,84
166,0.126460,0.548230,0,85
932,0.126457,0.487305,0,86
653,0.126350,0.449870,0,87
161,0.126258,0.464617,0,88
538,0.126204,0.500994,0,89
566,0.126194,0.471007,0,90
249,0.126177,0.451856,0,91
278,0.126149,0.483483,0,92
373,0.126143,0.509318,0,93
772,0.126139,0.418696,0,94
237,0.126091,0.445172,0,95
383,0.126019,0.475573,0,96
867,0.125936,0.448604,0,97
125,0.125701,0.485106,0,98
563,0.125678,0.517349,0,99
511,0.125555,0.472771,0,100
12,0.125412,0.440703,0,101
878,0.125354,0.573165,0,102
752,0.125280,0.491833,0,103
420,0.125258,0.448069,0,104
323,0.125101,0.554758,0,105
131,0.124999,0.435147,0,106
235,0.124875,0.465105,0,107
904,0.124786,0.500429,0,108
305,0.124423,0.516575,0,109
284,0.124325,0.545678,0,110
245,0.124260,0.445481,0,111
646,0.124143,0.457055,0,112
734,0.124069,0.449129,0,113
696,0.123939,0.448867,0,114
353,0.123871,0.490310,0,115
352,0.123836,0.447533,0,116
929,0.123782,0.443263,0,117
481,0.123672,0.513183,0,118
340,0.123670,0.430760,0,119
97,0.123586,0.413388,0,120
177,0.123566,0.440116,0,121
736,0.123469,0.479602,0,122
513,0.123436,0.455004,0,123
238,0.123400,0.468012,0,124
519,0.123396,0.573165,0,125
1001,0.123346,0.491091,0,126
70,0.123292,0.535426,0,127
500,0.122912,0.473948,0,128
467,0.122911,0.450842,0,129
197,0.122857,0.451450,0,130
205,0.122728,0.460530,0,131
43,0.122701,0.461660,0,132
356,0.122693,0.467906,0,133
379,0.122689,0.508532,0,134
183,0.122679,0.545678,0,135
981,0.122586,0.418467,0,136
804,0.122454,0.477734,0,137
958,0.122451,0.463042,0,138
243,0.122416,0.405962,0,139
968,0.122344,0.421410,0,140
362,0.122263,0.441754,0,141
662,0.122001,0.512083,0,142
468,0.121940,0.451562,0,143
689,0.121920,0.470329,0,144
989,0.121893,0.444760,0,145
983,0.121865,0.418280,0,146
777,0.121593,0.477215,0,147
272,0.121567,0.460419,0,148
728,0.121525,0.422606,0,149
665,0.121428,0.501468,0,150
334,0.121352,0.453257,0,151
629,0.121306,0.491091,0,152
556,0.121156,0.457437,0,153
102,0.121091,0.505384,0,154
590,0.121074,0.478254,0,155
346,0.120984,0.497272,0,156
759,0.120887,0.418245,0,157
200,0.120859,0.484440,0,158
600,0.120802,0.443302,0,159
969,0.120786,0.434514,0,160
88,0.120778,0.448867,0,161
264,0.120710,0.460419,0,162
395,0.120628,0.475072,0,163
210,0.120623,0.408957,0,164
1010,0.120581,0.501382,0,165
28,0.120547,0.478547,0,166
151,0.120476,0.459916,0,167
21,0.120409,0.482880,0,168
435,0.120394,0.455429,0,169
319,0.120375,0.491847,0,170
999,0.120374,0.406570,0,171
814,0.120329,0.404011,0,172
71,0.120225,0.471066,0,173
222,0.120203,0.490677,0,174
370,0.120189,0.401873,0,175
758,0.120168,0.425469,0,176
546,0.120003,0.560245,0,177
807,0.119957,0.421856,0,178
943,0.119906,0.462356,0,179
634,0.119895,0.479842,0,180
126,0.119783,0.463793,0,181
698,0.119704,0.495396,0,182
164,0.119691,0.492385,0,183
697,0.119670,0.409337,0,184
617,0.119612,0.426610,0,185
532,0.119512,0.422321,0,186
676,0.119485,0.465034,0,187
472,0.119475,0.457424,0,188
316,0.119386,0.427425,0,189
582,0.119326,0.440116,0,190
365,0.119282,0.479602,0,191
446,0.119242,0.461256,0,192
973,0.119203,0.486528,0,193
426,0.119172,0.520219,0,194
610,0.119145,0.413486,0,195
771,0.119009,0.446176,0,196
87,0.118851,0.488118,0,197
140,0.118809,0.505851,0,198
26,0.118757,0.462440,0,199
941,0.118708,0.490589,0,200
489,0.118632,0.465034,0,201
763,0.118439,0.417366,0,202
791,0.118436,0.411364,0,203
892,0.118365,0.432950,0,204
406,0.118291,0.492385,0,205
250,0.118288,0.516965,0,206
39,0.118253,0.487817,0,207
215,0.118222,0.454479,0,208
260,0.118122,0.489940,0,209
842,0.118098,0.527133,0,210
281,0.118059,0.445172,0,211
776,0.118049,0.470329,0,212
424,0.117843,0.430196,0,213
700,0.117838,0.472771,0,214
849,0.117830,0.465105,0,215
130,0.117780,0.464282,0,216
300,0.117776,0.516575,0,217
496,0.117708,0.516607,0,218
1004,0.117644,0.432339,0,219
490,0.117615,0.403962,0,220
291,0.117604,0.455988,0,221
669,0.117581,0.447485,0,222
960,0.117416,0.436241,0,223
961,0.117361,0.468854,0,224
729,0.117319,0.423209,0,225
503,0.117168,0.454155,0,226
855,0.117131,0.495877,0,227
522,0.117111,0.404605,0,228
754,0.117103,0.425496,0,229
871,0.117058,0.423354,0,230
263,0.117017,0.436371,0,231
38,0.117005,0.520219,0,232
107,0.116982,0.496092,0,233
322,0.116961,0.462440,0,234
138,0.116938,0.434287,0,235
67,0.116882,0.464334,0,236
738,0.116853,0.488598,0,237
393,0.116835,0.464334,0,238
756,0.116807,0.423704,0,239
41,0.116805,0.409531,0,240
61,0.116779,0.417104,0,241
20,0.116740,0.490349,0,242
586,0.116729,0.455027,0,243
946,0.116693,0.396702,0,244
856,0.116637,0.475976,0,245
191,0.116353,0.396700,0,246
165,0.116317,0.422964,0,247
918,0.116295,0.475976,0,248
945,0.116268,0.474891,0,249
883,0.116257,0.435136,0,250
482,0.116226,0.414406,0,251
688,0.116139,0.412037,0,252
648,0.116086,0.467776,0,253
415,0.116076,0.483670,0,254
443,0.116031,0.534823,0,255
921,0.115967,0.435616,0,256
156,0.115833,0.512083,0,257
230,0.115670,0.410187,0,258
800,0.115667,0.449584,0,259
491,0.115626,0.423926,0,260
121,0.115559,0.517349,0,261
717,0.115457,0.421925,0,262
95,0.115450,0.419272,0,263
289,0.115335,0.462620,0,264
62,0.115314,0.418467,0,265
58,0.115205,0.396376,0,266
984,0.115048,0.430631,0,267
153,0.114912,0.426166,0,268
15,0.114895,0.443440,0,269
865,0.114666,0.400160,0,270
577,0.114541,0.433140,0,271
621,0.114436,0.436672,0,272
922,0.114431,0.415995,0,273
256,0.114412,0.402380,0,274
516,0.114386,0.418846,0,275
801,0.114375,0.455340,0,276
567,0.114238,0.432109,0,277
270,0.114234,0.429891,0,278
176,0.114116,0.456746,0,279
853,0.114083,0.434414,0,280
576,0.114017,0.495305,0,281
907,0.113954,0.505384,0,282
928,0.113856,0.434730,0,283
229,0.113826,0.414961,0,284
1020,0.113797,0.400883,0,285
290,0.113795,0.414569,0,286
623,0.113726,0.413162,0,287
255,0.113712,0.382191,0,288
970,0.113682,0.408620,0,289
870,0.113647,0.436335,0,290
815,0.113645,0.444260,0,291
859,0.113610,0.429978,0,292
673,0.113586,0.406099,0,293
280,0.113543,0.422463,0,294
75,0.113540,0.464819,0,295
347,0.113498,0.427898,0,296
477,0.113480,0.455988,0,297
139,0.113406,0.444532,0,298
181,0.113384,0.413443,0,299
766,0.113324,0.397675,0,300
568,0.113239,0.380508,0,301
975,0.113103,0.447749,0,302
155,0.113081,0.475399,0,303
450,0.113057,0.488118,0,304
515,0.112898,0.487817,0,305
971,0.112887,0.415806,0,306
790,0.112879,0.494760,0,307
780,0.112747,0.418261,0,308
604,0.112746,0.399023,0,309
939,0.112714,0.488830,0,310
857,0.112699,0.382313,0,311
262,0.112644,0.410463,0,312
3,0.112610,0.408527,0,313
50,0.112554,0.413253,0,314
956,0.112518,0.455539,0,315
882,0.112500,0.423803,0,316
22,0.112498,0.407730,0,317
303,0.112496,0.526548,0,318
547,0.112470,0.452152,0,319
990,0.112456,0.489796,0,320
112,0.112415,0.417109,0,321
206,0.112349,0.501244,0,322
412,0.112303,0.391967,0,323
803,0.112241,0.403793,0,324
470,0.112160,0.428532,0,325
6,0.112113,0.501403,0,326
1000,0.112092,0.413249,0,327
202,0.112031,0.411351,0,328
465,0.112009,0.488598,0,329
670,0.112003,0.459856,0,330
926,0.111977,0.458550,0,331
521,0.111911,0.511747,0,332
825,0.111902,0.452822,0,333
753,0.111878,0.443144,0,334
823,0.111848,0.456445,0,335
69,0.111799,0.461660,0,336
11,0.111706,0.409778,0,337
141,0.111700,0.388688,0,338
46,0.111671,0.408787,0,339
925,0.111547,0.426478,0,340
0,0.111546,0.428540,0,341
608,0.111541,0.496092,0,342
836,0.111519,0.466504,0,343
699,0.111483,0.419247,0,344
374,0.111381,0.483465,0,345
25,0.111355,0.413648,0,346
585,0.111230,0.434414,0,347
611,0.111172,0.420743,0,348
727,0.111130,0.417640,0,349
431,0.111084,0.442389,0,350
972,0.111055,0.452811,0,351
486,0.111000,0.386660,0,352
737,0.110981,0.450467,0,353
275,0.110962,0.425821,0,354
169,0.110944,0.412207,0,355
109,0.110915,0.402744,0,356
163,0.110905,0.415455,0,357
967,0.110820,0.471307,0,358
769,0.110763,0.403502,0,359
274,0.110761,0.403531,0,360
898,0.110751,0.394171,0,361
544,0.110694,0.471307,0,362
476,0.110666,0.422199,0,363
449,0.110644,0.451236,0,364
682,0.110594,0.419731,0,365
483,0.110523,0.401596,0,366
838,0.110505,0.386984,0,367
40,0.110420,0.455539,0,368
399,0.110390,0.477494,0,369
974,0.110386,0.453394,0,370
354,0.110384,0.385219,0,371
594,0.110365,0.449450,0,372
685,0.110290,0.414569,0,373
66,0.110286,0.416426,0,374
719,0.110270,0.394367,0,375
631,0.110203,0.419382,0,376
678,0.110197,0.449058,0,377
371,0.110130,0.438067,0,378
479,0.110061,0.404870,0,379
1016,0.110033,0.410635,0,380
101,0.109904,0.367219,0,381
917,0.109802,0.419656,0,382
1005,0.109767,0.394936,0,383
528,0.109735,0.426870,0,384
115,0.109638,0.463415,0,385
602,0.109629,0.439189,0,386
537,0.109566,0.381894,0,387
933,0.109555,0.406413,0,388
49,0.109549,0.385628,0,389
463,0.109484,0.390230,0,390
60,0.109418,0.452798,0,391
829,0.109406,0.390743,0,392
437,0.109294,0.394108,0,393
978,0.109286,0.383971,0,394
445,0.109282,0.400922,0,395
651,0.109226,0.430596,0,396
196,0.109189,0.400359,0,397
663,0.109104,0.444715,0,398
391,0.109102,0.430692,0,399
330,0.109073,0.384108,0,400
638,0.109040,0.410951,0,401
10,0.109035,0.403032,0,402
492,0.109005,0.471066,0,403
267,0.108995,0.375575,0,404
661,0.108982,0.487979,0,405
335,0.108975,0.433945,0,406
122,0.108931,0.413211,0,407
533,0.108894,0.407763,0,408
889,0.108876,0.449551,0,409
338,0.108815,0.455013,0,410
1008,0.108808,0.382081,0,411
294,0.108777,0.393270,0,412
636,0.108762,0.379281,0,413
179,0.108738,0.389001,0,414
680,0.108734,0.436881,0,415
916,0.108729,0.434705,0,416
866,0.108720,0.409622,0,417
768,0.108716,0.386359,0,418
873,0.108695,0.394777,0,419
5,0.108659,0.546032,0,420
523,0.108642,0.367612,0,421
104,0.108625,0.428466,0,422
478,0.108542,0.432950,0,423
93,0.108460,0.458756,0,424
110,0.108296,0.445481,0,425
687,0.108280,0.394650,0,426
835,0.108248,0.409878,0,427
596,0.108248,0.380825,0,428
288,0.108229,0.376178,0,429
704,0.108216,0.501244,0,430
321,0.108209,0.433644,0,431
111,0.108155,0.460530,0,432
755,0.108145,0.493118,0,433
1017,0.108013,0.403752,0,434
995,0.107981,0.399173,0,435
595,0.107930,0.385541,0,436
852,0.107895,0.406892,0,437
432,0.107867,0.414631,0,438
77,0.107786,0.391109,0,439
809,0.107747,0.481213,0,440
74,0.107745,0.398025,0,441
418,0.107740,0.433533,0,442
1022,0.107734,0.428177,0,443
726,0.107702,0.501382,0,444
811,0.107680,0.420729,0,445
198,0.107677,0.413259,0,446
407,0.107666,0.367529,0,447
730,0.107661,0.451526,0,448
810,0.107537,0.419648,0,449
474,0.107472,0.434870,0,450
980,0.107444,0.450115,0,451
387,0.107352,0.397451,0,452
154,0.107319,0.373270,0,453
389,0.107276,0.381428,0,454
266,0.107210,0.388935,0,455
246,0.107210,0.397782,0,456
301,0.107195,0.413811,0,457
453,0.107177,0.390906,0,458
548,0.107000,0.393654,0,459
452,0.106981,0.456445,0,460
384,0.106972,0.429076,0,461
253,0.106933,0.440269,0,462
743,0.106916,0.428466,0,463
635,0.106914,0.377421,0,464
217,0.106830,0.396917,0,465
150,0.106796,0.372075,0,466
400,0.106789,0.416426,0,467
394,0.106717,0.494760,0,468
408,0.106700,0.442390,0,469
820,0.106623,0.416327,0,470
94,0.106610,0.446076,0,471
342,0.106560,0.414975,0,472
409,0.106556,0.396933,0,473
701,0.106519,0.417109,0,474
501,0.106474,0.394048,0,475
225,0.106463,0.423448,0,476
542,0.106461,0.413517,0,477
327,0.106387,0.376692,0,478
455,0.106385,0.447878,0,479
276,0.106326,0.395860,0,480
813,0.106242,0.424120,0,481
367,0.106189,0.413053,0,482
233,0.106182,0.414297,0,483
508,0.106177,0.385489,0,484
942,0.106168,0.451562,0,485
132,0.106151,0.452327,0,486
24,0.106129,0.485007,0,487
545,0.106099,0.437020,0,488
59,0.106088,0.457437,0,489
672,0.106067,0.443559,0,490
120,0.106060,0.405347,0,491
142,0.106045,0.397496,0,492
454,0.106044,0.508532,0,493
152,0.106044,0.395715,0,494
539,0.106040,0.409957,0,495
369,0.106038,0.411892,0,496
994,0.106026,0.410390,0,497
707,0.105980,0.478729,0,498
361,0.105951,0.406570,0,499
584,0.105896,0.395046,0,500
86,0.105880,0.411484,0,501
897,0.105860,0.432371,0,502
242,0.105842,0.398616,0,503
360,0.105826,0.389888,0,504
923,0.105785,0.492964,0,505
307,0.105782,0.435055,0,506
32,0.105773,0.405948,0,507
649,0.105627,0.399772,0,508
650,0.105581,0.431928,0,509
1013,0.105573,0.422349,0,510
187,0.105540,0.391025,0,511
344,0.105512,0.405913,0,512
550,0.105467,0.380398,0,513
261,0.105446,0.452559,0,514
998,0.105432,0.400156,0,515
642,0.105408,0.382864,0,516
674,0.105380,0.409870,0,517
742,0.105234,0.397463,0,518
248,0.105223,0.447878,0,519
591,0.105213,0.375927,0,520
744,0.105099,0.413761,0,521
129,0.105092,0.416186,0,522
54,0.105072,0.469406,0,523
228,0.105059,0.382230,0,524
14,0.105009,0.387635,0,525
252,0.104976,0.404855,0,526
17,0.104976,0.478254,0,527
428,0.104974,0.393013,0,528
462,0.104958,0.407992,0,529
876,0.104930,0.388241,0,530
390,0.104915,0.410710,0,531
326,0.104870,0.383588,0,532
91,0.104861,0.451856,0,533
580,0.104852,0.415715,0,534
45,0.104815,0.463916,0,535
618,0.104811,0.432644,0,536
331,0.104760,0.415805,0,537
312,0.104756,0.447407,0,538
114,0.104701,0.407765,0,539
982,0.104677,0.397651,0,540
555,0.104668,0.407774,0,541
695,0.104652,0.388888,0,542
223,0.104647,0.409283,0,543
158,0.104646,0.453525,0,544
269,0.104623,0.386761,0,545
819,0.104577,0.387067,0,546
985,0.104475,0.425164,0,547
808,0.104456,0.505851,0,548
553,0.104439,0.439024,0,549
461,0.104326,0.407267,0,550
643,0.104307,0.492768,0,551
628,0.104278,0.403317,0,552
80,0.104235,0.434011,0,553
283,0.104232,0.400825,0,554
349,0.104215,0.344070,0,555
254,0.104197,0.404685,0,556
583,0.104194,0.404437,0,557
912,0.104187,0.464617,0,558
189,0.104180,0.409531,0,559
641,0.104180,0.429899,0,560
168,0.104170,0.372846,0,561
396,0.104157,0.419644,0,562
65,0.104139,0.412070,0,563
419,0.104130,0.419874,0,564
822,0.104077,0.354823,0,565
762,0.104064,0.429218,0,566
789,0.103984,0.345022,0,567
318,0.103977,0.378529,0,568
788,0.103867,0.400076,0,569
615,0.103859,0.427795,0,570
502,0.103842,0.393903,0,571
55,0.103830,0.411364,0,572
745,0.103797,0.426860,0,573
146,0.103792,0.387067,0,574
113,0.103780,0.416595,0,575
1007,0.103731,0.405987,0,576
950,0.103727,0.397782,0,577
4,0.103725,0.534823,0,578
221,0.103714,0.384389,0,579
438,0.103699,0.396442,0,580
765,0.103688,0.415606,0,581
564,0.103676,0.469406,0,582
258,0.103629,0.424150,0,583
192,0.103620,0.363633,0,584
620,0.103601,0.434730,0,585
645,0.103573,0.451190,0,586
761,0.103541,0.399362,0,587
304,0.103527,0.421858,0,588
518,0.103499,0.382003,0,589
962,0.103496,0.486528,0,590
573,0.103482,0.380476,0,591
413,0.103472,0.433305,0,592
786,0.103471,0.421481,0,593
527,0.103448,0.411892,0,594
34,0.103398,0.434726,0,595
783,0.103394,0.395665,0,596
193,0.103334,0.385742,0,597
709,0.103322,0.407996,0,598
148,0.103305,0.404855,0,599
27,0.103268,0.422979,0,600
644,0.103263,0.444017,0,601
850,0.103215,0.417308,0,602
937,0.103129,0.404757,0,603
178,0.103063,0.392395,0,604
42,0.102973,0.456989,0,605
588,0.102804,0.383545,0,606
517,0.102707,0.374321,0,607
935,0.102677,0.473752,0,608
702,0.102661,0.437020,0,609
952,0.102643,0.409167,0,610
417,0.102631,0.441772,0,611
271,0.102572,0.387738,0,612
13,0.102547,0.465613,0,613
333,0.102508,0.387393,0,614
570,0.102474,0.367667,0,615
381,0.102442,0.420021,0,616
561,0.102428,0.409622,0,617
536,0.102385,0.428540,0,618
806,0.102351,0.381346,0,619
597,0.102342,0.490677,0,620
715,0.102339,0.415289,0,621
251,0.102305,0.381495,0,622
839,0.102304,0.417308,0,623
599,0.102225,0.387237,0,624
186,0.102209,0.380431,0,625
601,0.102201,0.393483,0,626
127,0.102198,0.378525,0,627
1002,0.102165,0.417145,0,628
624,0.102163,0.396616,0,629
173,0.102160,0.442372,0,630
341,0.102132,0.403764,0,631
236,0.102120,0.432371,0,632
614,0.102106,0.376005,0,633
279,0.102085,0.365049,0,634
136,0.102004,0.393554,0,635
562,0.101914,0.433861,0,636
579,0.101592,0.364063,0,637
63,0.101567,0.492964,0,638
425,0.101557,0.386666,0,639
569,0.101548,0.417739,0,640
51,0.101363,0.373510,0,641
507,0.101324,0.362926,0,642
535,0.101300,0.400498,0,643
622,0.101264,0.404138,0,644
914,0.101181,0.382914,0,645
637,0.101170,0.401096,0,646
190,0.101121,0.361039,0,647
909,0.101073,0.364459,0,648
880,0.101050,0.376859,0,649
534,0.101043,0.386984,0,650
862,0.100989,0.382806,0,651
735,0.100942,0.389224,0,652
285,0.100940,0.405658,0,653
722,0.100917,0.375982,0,654
781,0.100910,0.342800,0,655
900,0.100807,0.365833,0,656
741,0.100798,0.439785,0,657
976,0.100796,0.443309,0,658
531,0.100772,0.408371,0,659
375,0.100769,0.429978,0,660
710,0.100746,0.363696,0,661
244,0.100645,0.412769,0,662
869,0.100588,0.404778,0,663
343,0.100567,0.369065,0,664
506,0.100561,0.388241,0,665
81,0.100508,0.353617,0,666
895,0.100507,0.407963,0,667
159,0.100498,0.431856,0,668
671,0.100495,0.358836,0,669
405,0.100475,0.366217,0,670
785,0.100467,0.407594,0,671
858,0.100419,0.402245,0,672
76,0.100406,0.392091,0,673
1003,0.100355,0.383545,0,674
239,0.100350,0.356890,0,675
265,0.100253,0.424245,0,676
286,0.100224,0.362055,0,677
915,0.100070,0.409190,0,678
123,0.100068,0.364833,0,679
144,0.100046,0.372257,0,680
812,0.100039,0.386906,0,681
287,0.100032,0.393423,0,682
560,0.100003,0.376212,0,683
436,0.100000,0.399329,0,684
83,0.099981,0.391793,0,685
52,0.099974,0.393940,0,686
214,0.099951,0.358773,0,687
920,0.099916,0.383469,0,688
19,0.099889,0.368276,0,689
277,0.099880,0.394515,0,690
427,0.099873,0.405412,0,691
392,0.099871,0.424571,0,692
160,0.099868,0.338402,0,693
828,0.099846,0.415447,0,694
843,0.099794,0.401913,0,695
209,0.099746,0.447866,0,696
103,0.099743,0.394936,0,697
593,0.099736,0.397936,0,698
459,0.099690,0.418160,0,699
317,0.099677,0.441772,0,700
388,0.099676,0.415271,0,701
84,0.099629,0.353877,0,702
350,0.099609,0.382813,0,703
37,0.099604,0.390794,0,704
799,0.099585,0.433149,0,705
147,0.099527,0.357219,0,706
485,0.099487,0.377358,0,707
658,0.099457,0.404778,0,708
792,0.099455,0.368574,0,709
543,0.099444,0.393390,0,710
747,0.099309,0.356285,0,711
204,0.099276,0.388935,0,712
840,0.099261,0.386330,0,713
779,0.099234,0.373852,0,714
207,0.099216,0.362153,0,715
1019,0.099200,0.386278,0,716
640,0.099178,0.413357,0,717
605,0.099166,0.401100,0,718
632,0.099076,0.366279,0,719
457,0.099057,0.362595,0,720
746,0.099035,0.421571,0,721
773,0.098985,0.368287,0,722
220,0.098977,0.388346,0,723
444,0.098961,0.425164,0,724
96,0.098947,0.381851,0,725
748,0.098827,0.406070,0,726
471,0.098699,0.447866,0,727
910,0.098698,0.416670,0,728
592,0.098685,0.368736,0,729
423,0.098631,0.376390,0,730
891,0.098630,0.403793,0,731
282,0.098614,0.386908,0,732
694,0.098610,0.408297,0,733
977,0.098531,0.454782,0,734
913,0.098521,0.387599,0,735
824,0.098514,0.353136,0,736
712,0.098491,0.437204,0,737
1,0.098471,0.375046,0,738
401,0.098393,0.378758,0,739
657,0.098386,0.350476,0,740
336,0.098375,0.371195,0,741
212,0.098353,0.372213,0,742
953,0.098345,0.365936,0,743
845,0.098291,0.470856,0,744
56,0.098272,0.374987,0,745
386,0.098219,0.388346,0,746
784,0.098163,0.390488,0,747
184,0.098099,0.374300,0,748
79,0.098071,0.382806,0,749
44,0.097989,0.389188,0,750
931,0.097906,0.399484,0,751
366,0.097884,0.377755,0,752
854,0.097797,0.455013,0,753
224,0.097793,0.410635,0,754
837,0.097759,0.367302,0,755
872,0.097742,0.402094,0,756
656,0.097742,0.375157,0,757
499,0.097633,0.467734,0,758
827,0.097632,0.362716,0,759
996,0.097543,0.382388,0,760
434,0.097539,0.408371,0,761
524,0.097467,0.405640,0,762
541,0.097451,0.493118,0,763
598,0.097429,0.395327,0,764
714,0.097369,0.371728,0,765
128,0.097265,0.371156,0,766
627,0.097257,0.333007,0,767
364,0.097203,0.425140,0,768
703,0.097121,0.381836,0,769
666,0.097116,0.398448,0,770
954,0.097103,0.385297,0,771
35,0.097064,0.352445,0,772
308,0.097060,0.368036,0,773
578,0.097054,0.386666,0,774
108,0.097002,0.354582,0,775
296,0.096996,0.371504,0,776
778,0.096967,0.381677,0,777
119,0.096949,0.357580,0,778
664,0.096942,0.429076,0,779
927,0.096928,0.352542,0,780
447,0.096903,0.343649,0,781
902,0.096845,0.437348,0,782
241,0.096784,0.373486,0,783
731,0.096734,0.360822,0,784
203,0.096707,0.359554,0,785
723,0.096696,0.389592,0,786
377,0.096678,0.351764,0,787
884,0.096580,0.347407,0,788
957,0.096548,0.381345,0,789
297,0.096545,0.377942,0,790
403,0.096519,0.374261,0,791
31,0.096477,0.367044,0,792
793,0.096456,0.360492,0,793
328,0.096447,0.360968,0,794
257,0.096427,0.384803,0,795
587,0.096363,0.376760,0,796
684,0.096345,0.397936,0,797
860,0.096328,0.474891,0,798
92,0.096212,0.372961,0,799
782,0.096197,0.419787,0,800
798,0.096178,0.419644,0,801
832,0.096170,0.352528,0,802
549,0.096164,0.390179,0,803
514,0.096139,0.327706,0,804
686,0.096096,0.386973,0,805
572,0.096048,0.377818,0,806
552,0.096033,0.370603,0,807
619,0.096016,0.444680,0,808
575,0.095987,0.391981,0,809
464,0.095945,0.362602,0,810
751,0.095901,0.358010,0,811
987,0.095855,0.364463,0,812
724,0.095815,0.387315,0,813
893,0.095782,0.344135,0,814
679,0.095779,0.394953,0,815
484,0.095768,0.370679,0,816
908,0.095684,0.404756,0,817
175,0.095677,0.401750,0,818
324,0.095623,0.394809,0,819
589,0.095548,0.384420,0,820
760,0.095489,0.354393,0,821
73,0.095424,0.344374,0,822
298,0.095357,0.346293,0,823
180,0.095303,0.485007,0,824
512,0.095238,0.379819,0,825
314,0.095219,0.396769,0,826
295,0.095192,0.393340,0,827
397,0.095053,0.356465,0,828
404,0.095026,0.367319,0,829
877,0.095017,0.382388,0,830
949,0.094986,0.400103,0,831
963,0.094961,0.523345,0,832
433,0.094937,0.347841,0,833
720,0.094909,0.384234,0,834
625,0.094891,0.366217,0,835
337,0.094853,0.365529,0,836
647,0.094840,0.452559,0,837
339,0.094827,0.342378,0,838
172,0.094794,0.362586,0,839
874,0.094771,0.389080,0,840
208,0.094753,0.402608,0,841
167,0.094714,0.408543,0,842
2,0.094711,0.425140,0,843
959,0.094690,0.386490,0,844
351,0.094675,0.375673,0,845
469,0.094673,0.403782,0,846
311,0.094589,0.361532,0,847
633,0.094566,0.399733,0,848
106,0.094524,0.422199,0,849
818,0.094518,0.351286,0,850
116,0.094461,0.391981,0,851
844,0.094441,0.427795,0,852
68,0.094393,0.397589,0,853
372,0.094353,0.387878,0,854
875,0.094331,0.351319,0,855
509,0.094315,0.389673,0,856
630,0.094296,0.404197,0,857
320,0.094049,0.395339,0,858
1015,0.094006,0.316785,0,859
540,0.093984,0.346060,0,860
847,0.093936,0.326993,0,861
675,0.093799,0.360770,0,862
841,0.093796,0.388142,0,863
757,0.093657,0.350469,0,864
826,0.093629,0.434011,0,865
213,0.093593,0.390206,0,866
846,0.093573,0.412581,0,867
510,0.093548,0.369165,0,868
90,0.093536,0.342672,0,869
659,0.093513,0.403685,0,870
402,0.093451,0.393483,0,871
992,0.093419,0.370535,0,872
98,0.093402,0.356088,0,873
421,0.093389,0.352784,0,874
863,0.093344,0.400233,0,875
458,0.093334,0.364035,0,876
385,0.093325,0.330211,0,877
442,0.093249,0.331512,0,878
348,0.093223,0.336606,0,879
626,0.093217,0.412359,0,880
414,0.093122,0.404009,0,881
33,0.093099,0.338435,0,882
451,0.093086,0.370840,0,883
16,0.093066,0.373691,0,884
607,0.093007,0.346241,0,885
894,0.092949,0.407730,0,886
199,0.092940,0.394515,0,887
118,0.092919,0.351093,0,888
609,0.092878,0.402032,0,889
149,0.092846,0.397589,0,890
740,0.092787,0.368790,0,891
690,0.092726,0.340630,0,892
325,0.092726,0.376679,0,893
805,0.092707,0.321017,0,894
157,0.092611,0.362039,0,895
466,0.092572,0.403764,0,896
988,0.092425,0.411023,0,897
429,0.092313,0.341816,0,898
332,0.092299,0.351598,0,899
231,0.092283,0.379005,0,900
606,0.092185,0.370507,0,901
498,0.092164,0.375982,0,902
363,0.092126,0.341329,0,903
1012,0.092078,0.376432,0,904
930,0.092049,0.404197,0,905
78,0.092009,0.366171,0,906
306,0.091974,0.489940,0,907
232,0.091953,0.366184,0,908
947,0.091933,0.371457,0,909
787,0.091689,0.379506,0,910
201,0.091672,0.329492,0,911
137,0.091657,0.363933,0,912
652,0.091648,0.358791,0,913
497,0.091616,0.342938,0,914
905,0.091524,0.390616,0,915
795,0.091449,0.370777,0,916
718,0.091406,0.352246,0,917
888,0.091299,0.366528,0,918
194,0.091277,0.377104,0,919
526,0.091201,0.345248,0,920
105,0.091165,0.396700,0,921
764,0.091123,0.397185,0,922
7,0.091118,0.366571,0,923
310,0.091041,0.332887,0,924
683,0.091034,0.353100,0,925
1011,0.090922,0.387757,0,926
18,0.090886,0.360568,0,927
681,0.090862,0.325425,0,928
162,0.090859,0.386545,0,929
693,0.090766,0.391039,0,930
574,0.090669,0.356745,0,931
721,0.090626,0.347212,0,932
948,0.090408,0.353699,0,933
29,0.090314,0.397135,0,934
655,0.090211,0.404022,0,935
868,0.090181,0.397135,0,936
227,0.090168,0.366032,0,937
448,0.090152,0.378507,0,938
821,0.090018,0.405213,0,939
774,0.089913,0.342399,0,940
1021,0.089890,0.399546,0,941
558,0.089762,0.404009,0,942
133,0.089687,0.340645,0,943
234,0.089680,0.328053,0,944
750,0.089639,0.380220,0,945
53,0.089592,0.355545,0,946
309,0.089523,0.416670,0,947
964,0.089405,0.369747,0,948
292,0.089212,0.333548,0,949
529,0.089049,0.359109,0,950
802,0.089022,0.359379,0,951
460,0.088940,0.381291,0,952
725,0.088865,0.327224,0,953
299,0.088753,0.391833,0,954
660,0.088750,0.328424,0,955
216,0.088678,0.418818,0,956
398,0.088648,0.338994,0,957
124,0.088645,0.299386,0,958
706,0.088509,0.405180,0,959
171,0.088427,0.348211,0,960
487,0.088423,0.350344,0,961
439,0.088414,0.369311,0,962
416,0.088031,0.363146,0,963
117,0.088004,0.392805,0,964
1014,0.087891,0.391039,0,965
796,0.087666,0.340638,0,966
936,0.087640,0.366649,0,967
382,0.087488,0.415606,0,968
72,0.087413,0.362143,0,969
965,0.087353,0.316679,0,970
315,0.087037,0.332119,0,971
887,0.087006,0.328833,0,972
357,0.086941,0.347815,0,973
23,0.086919,0.377476,0,974
830,0.086816,0.354322,0,975
613,0.086763,0.361014,0,976
559,0.086747,0.340148,0,977
170,0.086726,0.356157,0,978
911,0.086653,0.450032,0,979
705,0.086560,0.442390,0,980
358,0.086488,0.340099,0,981
525,0.086407,0.324928,0,982
1009,0.086358,0.332941,0,983
603,0.086321,0.353653,0,984
494,0.086310,0.332385,0,985
775,0.086245,0.305545,0,986
64,0.086234,0.368052,0,987
864,0.086031,0.327770,0,988
188,0.085720,0.411959,0,989
520,0.085633,0.330013,0,990
36,0.085571,0.348794,0,991
1018,0.085561,0.402845,0,992
966,0.085521,0.346534,0,993
677,0.085511,0.320300,0,994
1023,0.085477,0.384900,0,995
955,0.085345,0.364235,0,996
901,0.085324,0.345482,0,997
273,0.085048,0.324611,0,998
667,0.084866,0.318646,0,999
82,0.084851,0.347671,0,1000
986,0.084647,0.351772,0,1001
504,0.084597,0.363598,0,1002
903,0.084183,0.304791,0,1003
380,0.084157,0.372257,0,1004
833,0.083631,0.314541,0,1005
732,0.083508,0.367319,0,1006
581,0.083372,0.370535,0,1007
571,0.083269,0.375773,0,1008
480,0.083255,0.306570,0,1009
919,0.082678,0.364483,0,1010
218,0.082607,0.320059,0,1011
430,0.082512,0.298104,0,1012
293,0.082481,0.326075,0,1013
143,0.082456,0.341115,0,1014
767,0.082091,0.320568,0,1015
410,0.081796,0.342864,0,1016
226,0.081757,0.320368,0,1017
881,0.080748,0.328221,0,1018
89,0.080388,0.305755,0,1019
495,0.080041,0.339312,0,1020
711,0.079758,0.339061,0,1021
934,0.079657,0.301622,0,1022
182,0.075824,0.325178,0,1023
456,0.070403,0.322614,0,1024
