dimension,global_mean_delta,global_std_delta,global_median_delta,global_max_delta,cross_category_std,cross_category_mean,mean_delta_Human Plagiarism (Base),mean_delta_Human Plagiarism + DSP,mean_delta_Original + DSP,mean_delta_AI Generation (Base),mean_delta_AI + DSP,stability_rank
336,0.652581,0.523164,0.530692,3.749426,0.067902,0.632653,0.666440,0.695190,0.501770,0.638234,0.661631,1
331,0.660783,0.531159,0.539235,5.071499,0.057947,0.651439,0.698152,0.698920,0.541011,0.663217,0.655892,2
256,0.683246,0.554419,0.548688,4.662668,0.061421,0.671016,0.712487,0.711077,0.550662,0.678192,0.702660,3
77,0.693790,0.565136,0.560677,5.291500,0.067324,0.683722,0.716135,0.717062,0.549369,0.711064,0.724978,4
49,0.700453,0.555723,0.571529,4.545504,0.063498,0.688949,0.740861,0.737099,0.567068,0.694673,0.705042,5
276,0.702687,0.571184,0.568525,4.540459,0.066536,0.699941,0.756210,0.730337,0.569495,0.727766,0.715899,6
290,0.702760,0.553998,0.580997,4.146253,0.076325,0.688445,0.709043,0.730026,0.537131,0.725733,0.740292,7
405,0.703572,0.574710,0.569336,4.538969,0.068478,0.690282,0.719889,0.724746,0.554942,0.709707,0.742127,8
231,0.707073,0.594141,0.559579,5.246696,0.061663,0.694844,0.717293,0.736026,0.572145,0.721892,0.726862,9
465,0.708709,0.567201,0.574255,4.128026,0.058641,0.699437,0.730822,0.745757,0.584597,0.727636,0.708374,10
362,0.710614,0.570604,0.581915,4.443016,0.070735,0.696350,0.738583,0.745225,0.556716,0.711391,0.729833,11
292,0.711727,0.551474,0.591564,4.005238,0.073770,0.703706,0.760887,0.747644,0.558661,0.727582,0.723756,12
185,0.714790,0.572064,0.580464,4.169663,0.075851,0.709594,0.766516,0.735436,0.559614,0.735928,0.750477,13
271,0.717514,0.581651,0.573700,4.430530,0.063587,0.704549,0.740411,0.754430,0.579400,0.722889,0.725614,14
65,0.720909,0.583519,0.581899,4.351895,0.072220,0.706558,0.752861,0.755395,0.564451,0.718809,0.741274,15
341,0.721712,0.571733,0.589540,4.909033,0.083059,0.711207,0.717612,0.726433,0.554407,0.762984,0.794600,16
330,0.724036,0.587712,0.581379,4.712196,0.069406,0.713383,0.760225,0.748506,0.576327,0.727580,0.754277,17
351,0.725512,0.584696,0.586312,4.304765,0.073437,0.718287,0.790490,0.755009,0.577899,0.724035,0.744000,18
184,0.725696,0.584265,0.589333,5.548168,0.065601,0.710330,0.759901,0.759501,0.584980,0.706666,0.740602,19
73,0.725815,0.582538,0.585972,4.101670,0.076971,0.715768,0.776011,0.763839,0.564875,0.735083,0.739033,20
391,0.727060,0.561756,0.606397,3.873819,0.097661,0.709441,0.808927,0.788699,0.532643,0.697293,0.719644,21
279,0.728223,0.609324,0.574944,4.844274,0.081505,0.710027,0.767884,0.789148,0.556887,0.721668,0.714548,22
472,0.729498,0.582298,0.596574,4.399940,0.068644,0.718630,0.761452,0.767506,0.583120,0.743271,0.737801,23
235,0.730890,0.592501,0.590769,4.856380,0.078490,0.720213,0.801035,0.780123,0.576421,0.721066,0.722422,24
463,0.733614,0.588817,0.595718,4.967402,0.080493,0.709111,0.737415,0.785738,0.553343,0.725390,0.743667,25
501,0.734212,0.602292,0.585680,4.741079,0.067817,0.714357,0.707679,0.761164,0.585570,0.747628,0.769741,26
16,0.736120,0.590176,0.598718,4.273938,0.078128,0.723378,0.724185,0.747856,0.574884,0.773165,0.796801,27
165,0.737882,0.584056,0.606427,4.355949,0.078717,0.725166,0.795755,0.776801,0.574742,0.726866,0.751669,28
62,0.738369,0.602056,0.595719,4.802471,0.087783,0.723365,0.775234,0.779586,0.548992,0.750355,0.762657,29
304,0.738728,0.590155,0.604240,4.199452,0.072291,0.730709,0.767967,0.751638,0.588192,0.758096,0.787650,30
386,0.740247,0.594680,0.597435,4.392465,0.078455,0.727547,0.739216,0.763709,0.573645,0.777325,0.783839,31
46,0.740478,0.586193,0.610609,4.566031,0.074366,0.725865,0.768303,0.767164,0.579297,0.738717,0.775845,32
200,0.740674,0.588731,0.606659,4.826556,0.093215,0.728017,0.707878,0.749436,0.559188,0.807285,0.816300,33
140,0.741673,0.588831,0.606836,4.459043,0.086054,0.720285,0.799654,0.809886,0.570494,0.704459,0.716933,34
188,0.742072,0.589759,0.604140,4.347174,0.069693,0.728507,0.709062,0.748942,0.603768,0.778684,0.802076,35
87,0.742331,0.596592,0.602800,5.121868,0.071970,0.731398,0.800883,0.781149,0.596018,0.731196,0.747746,36
48,0.743448,0.600393,0.604162,4.673474,0.073014,0.732848,0.771955,0.779489,0.587430,0.766136,0.759228,37
296,0.744507,0.600099,0.603717,5.175982,0.081324,0.729646,0.807058,0.794157,0.578943,0.724981,0.743088,38
207,0.744512,0.584186,0.614802,4.258736,0.085999,0.727624,0.813411,0.799985,0.572301,0.714943,0.737481,39
125,0.744692,0.593396,0.609322,4.416297,0.082339,0.731731,0.766455,0.777844,0.567254,0.770732,0.776369,40
148,0.747884,0.606241,0.606029,5.548563,0.066899,0.737655,0.799218,0.781146,0.610138,0.739331,0.758445,41
366,0.750449,0.600625,0.614152,4.584749,0.066652,0.729513,0.744051,0.787487,0.600150,0.745909,0.769969,42
42,0.750499,0.612157,0.599038,4.689904,0.077446,0.733300,0.741310,0.774413,0.582512,0.771278,0.796987,43
6,0.752187,0.611352,0.605019,5.067962,0.086770,0.732676,0.776524,0.800473,0.561584,0.755816,0.768981,44
183,0.753420,0.620677,0.605246,5.533496,0.069635,0.736246,0.752221,0.776831,0.600055,0.758396,0.793726,45
265,0.754712,0.593623,0.624637,5.126189,0.082801,0.733611,0.777768,0.807046,0.572667,0.748409,0.762166,46
454,0.755154,0.608493,0.614345,4.888314,0.089704,0.734741,0.798579,0.812638,0.562912,0.742275,0.757304,47
5,0.756031,0.607549,0.612112,4.867717,0.072076,0.741802,0.797806,0.802170,0.604130,0.749838,0.755067,48
488,0.758236,0.616520,0.606313,5.181375,0.091164,0.748177,0.810879,0.787364,0.567302,0.776451,0.798890,49
344,0.758943,0.604787,0.620013,4.724702,0.087363,0.745774,0.761543,0.765641,0.579105,0.787268,0.835315,50
367,0.759268,0.608711,0.613123,4.365865,0.073407,0.739741,0.769114,0.800609,0.595688,0.757259,0.776037,51
0,0.759422,0.603685,0.622559,5.163205,0.073789,0.749682,0.811652,0.787687,0.606004,0.758475,0.784595,52
423,0.760307,0.600258,0.625452,4.512656,0.083227,0.740458,0.800655,0.809721,0.581171,0.741313,0.769427,53
268,0.760438,0.609901,0.617011,4.293812,0.080380,0.741720,0.801958,0.814654,0.589730,0.744857,0.757398,54
3,0.761466,0.595738,0.630006,4.002204,0.085787,0.745541,0.813028,0.807424,0.579650,0.753166,0.774438,55
262,0.762407,0.627502,0.610712,4.664848,0.074364,0.743002,0.772746,0.794074,0.597191,0.755702,0.795296,56
17,0.764513,0.610551,0.621333,4.750648,0.079023,0.740701,0.779663,0.821778,0.590420,0.749125,0.762520,57
500,0.765058,0.609112,0.625839,5.094225,0.076653,0.752540,0.787329,0.797403,0.599446,0.786037,0.792484,58
385,0.765888,0.622345,0.619452,5.840568,0.096592,0.748574,0.742143,0.777524,0.568044,0.808934,0.846226,59
161,0.766633,0.614328,0.627907,4.859530,0.080086,0.753395,0.812863,0.814237,0.597811,0.772032,0.770032,60
111,0.767034,0.624183,0.618485,4.470710,0.105782,0.750997,0.804104,0.814553,0.539768,0.797928,0.798630,61
134,0.767051,0.620549,0.620121,5.119521,0.081768,0.750841,0.826117,0.812628,0.598146,0.742713,0.774601,62
230,0.767246,0.619939,0.618859,4.479070,0.075317,0.748309,0.803206,0.814437,0.605432,0.746503,0.771967,63
152,0.767641,0.602677,0.633049,4.978959,0.080279,0.751192,0.798821,0.813948,0.593474,0.771554,0.778164,64
384,0.767886,0.627794,0.614831,5.204140,0.074275,0.753966,0.813920,0.813585,0.611996,0.761362,0.768965,65
141,0.768251,0.608875,0.627600,4.676666,0.075105,0.753062,0.818447,0.812095,0.611524,0.750118,0.773123,66
172,0.768424,0.602526,0.634950,4.283746,0.085133,0.755450,0.831020,0.810641,0.592020,0.760868,0.782700,67
374,0.768729,0.617532,0.622645,5.073780,0.087598,0.743757,0.793312,0.830133,0.576970,0.750340,0.768029,68
173,0.768889,0.613256,0.628769,5.178797,0.081910,0.750671,0.805081,0.806479,0.591193,0.754991,0.795607,69
63,0.768979,0.624514,0.620838,5.663466,0.081730,0.755824,0.826551,0.812929,0.598989,0.762642,0.778008,70
392,0.768985,0.612810,0.626010,4.878914,0.087085,0.757300,0.828220,0.816621,0.588149,0.777503,0.776007,71
311,0.770629,0.609907,0.630903,4.997257,0.094352,0.755641,0.742771,0.787319,0.579699,0.829648,0.838769,72
354,0.770882,0.630343,0.618193,6.066104,0.080459,0.758048,0.792249,0.801227,0.597407,0.794107,0.805250,73
389,0.771700,0.623587,0.628326,5.091015,0.088403,0.753974,0.813322,0.814321,0.580683,0.765845,0.795700,74
260,0.771709,0.629411,0.623004,5.016025,0.090506,0.750000,0.821890,0.838315,0.582898,0.748876,0.758023,75
33,0.771814,0.611327,0.629683,4.761579,0.076465,0.748219,0.756651,0.810439,0.600110,0.773604,0.800292,76
243,0.772609,0.623768,0.621515,4.710485,0.077914,0.750682,0.793033,0.828802,0.602277,0.760027,0.769272,77
378,0.772836,0.622425,0.627047,5.796677,0.084732,0.755511,0.833430,0.826204,0.598838,0.748360,0.770722,78
445,0.773356,0.612490,0.634284,4.639692,0.076588,0.753392,0.793837,0.821153,0.604568,0.765703,0.781697,79
69,0.774065,0.609025,0.640980,5.354348,0.090431,0.753019,0.805117,0.831941,0.577180,0.772110,0.778747,80
370,0.774200,0.606331,0.642308,4.537382,0.083207,0.761985,0.837548,0.812238,0.602502,0.765036,0.792600,81
270,0.774308,0.613426,0.635682,4.796570,0.075026,0.770084,0.808545,0.783724,0.622572,0.808619,0.826959,82
187,0.774393,0.628055,0.629283,5.186078,0.086159,0.760559,0.847693,0.825069,0.601905,0.754924,0.773206,83
282,0.774458,0.620608,0.625361,4.312634,0.091151,0.751974,0.808203,0.824196,0.574899,0.758582,0.793993,84
460,0.774877,0.639068,0.615172,4.648749,0.082847,0.753834,0.805892,0.820148,0.593572,0.756759,0.792797,85
426,0.775948,0.630725,0.627612,5.030082,0.074154,0.756200,0.767663,0.809539,0.611052,0.785839,0.806907,86
442,0.776343,0.610611,0.640385,4.510522,0.075812,0.767148,0.799140,0.796279,0.616354,0.804715,0.819255,87
467,0.777505,0.628166,0.631301,5.004227,0.083240,0.759939,0.802864,0.814554,0.595110,0.779686,0.807482,88
332,0.777664,0.608415,0.641989,4.256478,0.099302,0.759663,0.830236,0.818688,0.565142,0.770978,0.813270,89
301,0.777723,0.633211,0.621709,4.867006,0.066686,0.764836,0.801450,0.809676,0.632532,0.783682,0.796840,90
257,0.777875,0.626300,0.632675,4.717210,0.091106,0.759223,0.836299,0.840602,0.589361,0.761783,0.768070,91
122,0.777969,0.631146,0.630378,6.580693,0.082328,0.765587,0.811243,0.818445,0.601679,0.800173,0.796396,92
136,0.778547,0.631377,0.629063,4.986718,0.094951,0.758478,0.833787,0.840204,0.578540,0.763321,0.776539,93
92,0.779243,0.619929,0.638424,4.981770,0.081305,0.760909,0.824445,0.829249,0.606512,0.760921,0.783418,94
328,0.780223,0.607805,0.648546,4.428005,0.094174,0.753373,0.788328,0.828632,0.569301,0.769706,0.810896,95
410,0.780645,0.603984,0.650126,4.449561,0.081936,0.762563,0.791387,0.803603,0.602169,0.783041,0.832614,96
25,0.781334,0.618088,0.638730,4.457591,0.077878,0.767375,0.795156,0.806206,0.612809,0.799371,0.823334,97
377,0.782213,0.640596,0.625125,4.816632,0.076800,0.767730,0.829585,0.831163,0.621409,0.775993,0.780497,98
435,0.782223,0.628488,0.636012,4.983291,0.080300,0.766530,0.828585,0.833634,0.612977,0.776386,0.781066,99
83,0.782427,0.611064,0.648545,4.579248,0.100893,0.766986,0.878789,0.846437,0.588478,0.752307,0.768920,100
428,0.783474,0.619993,0.641537,5.188148,0.092698,0.769396,0.819074,0.815498,0.584699,0.801496,0.826211,101
376,0.783598,0.613464,0.646132,4.368404,0.073101,0.758495,0.788694,0.838821,0.621268,0.762719,0.780972,102
102,0.785010,0.631194,0.636228,5.842866,0.082368,0.771721,0.814778,0.813949,0.607713,0.799092,0.823075,103
151,0.786519,0.633002,0.639775,4.973081,0.111998,0.779887,0.796125,0.785330,0.569536,0.860456,0.887989,104
78,0.787566,0.618125,0.649447,4.840908,0.069795,0.776228,0.809377,0.799322,0.640281,0.792982,0.839177,105
451,0.788060,0.622906,0.652243,5.427189,0.090397,0.776615,0.843368,0.834567,0.598792,0.805615,0.800732,106
237,0.789155,0.637227,0.638496,5.323688,0.091823,0.768892,0.833240,0.843009,0.591360,0.777419,0.799433,107
119,0.789237,0.631947,0.645851,5.329474,0.097170,0.773458,0.856759,0.849888,0.588749,0.785951,0.785942,108
167,0.789387,0.616574,0.653552,4.610337,0.081545,0.770316,0.833395,0.846161,0.617482,0.771713,0.782830,109
7,0.789590,0.634604,0.642148,4.566381,0.072097,0.776725,0.811653,0.812450,0.633817,0.797678,0.828027,110
171,0.790084,0.629654,0.644861,4.842198,0.089809,0.777689,0.812769,0.825343,0.598367,0.827619,0.824348,111
393,0.790107,0.620972,0.648962,5.256927,0.081682,0.780486,0.844178,0.825680,0.619647,0.801918,0.811008,112
163,0.791727,0.615085,0.660952,4.504068,0.087911,0.775901,0.791118,0.817046,0.603342,0.824266,0.843733,113
97,0.792361,0.632827,0.645728,4.663621,0.091804,0.770791,0.845383,0.855351,0.599945,0.767448,0.785829,114
213,0.792666,0.617826,0.654131,4.288330,0.101802,0.768447,0.801119,0.819287,0.570833,0.789414,0.861585,115
227,0.793060,0.621837,0.656123,4.711662,0.071409,0.786976,0.827768,0.823219,0.644609,0.827253,0.812029,116
352,0.793237,0.651420,0.640938,4.689610,0.089161,0.772729,0.835350,0.854253,0.602940,0.782114,0.788987,117
13,0.794467,0.620944,0.654710,4.215286,0.107065,0.769997,0.865155,0.872655,0.576102,0.760366,0.775704,118
233,0.794480,0.659342,0.627703,4.879601,0.076506,0.784308,0.851787,0.843697,0.639594,0.799722,0.786740,119
285,0.795548,0.636996,0.646886,4.758629,0.086788,0.788610,0.838735,0.815133,0.616235,0.827806,0.845142,120
203,0.795958,0.629064,0.658081,5.146614,0.092459,0.772996,0.840860,0.846390,0.596782,0.767146,0.813803,121
430,0.796620,0.635757,0.650266,4.910101,0.079476,0.786013,0.864446,0.839473,0.636541,0.788643,0.800963,122
144,0.796675,0.615047,0.665867,4.058734,0.112718,0.766621,0.862849,0.871073,0.561684,0.742791,0.794711,123
182,0.796711,0.638055,0.650847,4.467579,0.091934,0.787501,0.837222,0.820982,0.604393,0.828894,0.846016,124
15,0.799209,0.635638,0.651862,4.728109,0.091078,0.786086,0.864950,0.841625,0.609953,0.795152,0.818751,125
216,0.799419,0.655568,0.639387,4.844674,0.093025,0.783426,0.874852,0.860141,0.613204,0.779618,0.789314,126
71,0.800670,0.644196,0.649695,5.240213,0.081369,0.785701,0.847432,0.830432,0.628102,0.787310,0.835228,127
254,0.800814,0.652745,0.641207,4.439008,0.087961,0.778152,0.853142,0.865417,0.619418,0.765344,0.787437,128
281,0.801064,0.631826,0.660291,4.986095,0.094625,0.786452,0.848554,0.822719,0.602016,0.798853,0.860120,129
30,0.801539,0.644850,0.647262,5.075490,0.082171,0.792608,0.804274,0.812499,0.634227,0.848872,0.863168,130
70,0.802002,0.640349,0.656381,5.154611,0.084497,0.793138,0.871508,0.836306,0.629998,0.803602,0.824276,131
375,0.802838,0.659074,0.641541,5.755117,0.085967,0.788553,0.860336,0.851295,0.623247,0.798357,0.809532,132
32,0.804149,0.641085,0.653483,5.162015,0.087604,0.787907,0.843094,0.853730,0.615642,0.811844,0.815226,133
249,0.805651,0.640948,0.658804,4.443062,0.092953,0.788233,0.826457,0.837396,0.603642,0.820631,0.853040,134
123,0.805733,0.638352,0.663674,4.207862,0.096099,0.779167,0.824398,0.867513,0.592761,0.796057,0.815107,135
406,0.805852,0.646762,0.654171,5.574473,0.085827,0.776057,0.823476,0.873132,0.618989,0.768032,0.796657,136
22,0.806277,0.624972,0.670625,4.518898,0.109854,0.786208,0.890409,0.874308,0.582703,0.780793,0.802826,137
358,0.806295,0.635160,0.666166,4.697202,0.098805,0.790332,0.875882,0.856076,0.600386,0.796529,0.822784,138
466,0.806336,0.660772,0.643617,5.572992,0.081861,0.793215,0.834345,0.839770,0.629780,0.825305,0.836874,139
459,0.806384,0.654773,0.647063,5.485433,0.085537,0.790340,0.852308,0.855589,0.623994,0.804972,0.814837,140
118,0.806490,0.639583,0.661115,4.935229,0.101612,0.790784,0.816916,0.833983,0.590168,0.846145,0.866710,141
67,0.807246,0.628197,0.672896,4.668669,0.090679,0.791615,0.854725,0.855423,0.613558,0.812344,0.822025,142
481,0.807269,0.636529,0.665018,5.651225,0.090185,0.793270,0.838706,0.830385,0.614945,0.820682,0.861631,143
194,0.807819,0.663389,0.644690,4.702631,0.101464,0.787088,0.871701,0.869213,0.594846,0.787832,0.811850,144
458,0.807842,0.657793,0.647728,5.558738,0.098555,0.797151,0.835022,0.804844,0.611391,0.830248,0.904250,145
321,0.807889,0.657277,0.654990,6.021816,0.091935,0.796236,0.871782,0.863883,0.619406,0.821474,0.804633,146
397,0.809588,0.645745,0.656256,4.408703,0.093199,0.792300,0.855264,0.851215,0.608997,0.807072,0.838952,147
246,0.809725,0.645366,0.658045,4.777405,0.110851,0.807879,0.833487,0.800449,0.601513,0.887230,0.916715,148
9,0.809841,0.645362,0.659764,4.734585,0.093379,0.791545,0.867080,0.856617,0.612069,0.792389,0.829571,149
413,0.810548,0.659221,0.653299,5.844919,0.080344,0.795462,0.824955,0.841701,0.635521,0.829172,0.845959,150
302,0.810859,0.656989,0.660860,5.874349,0.103367,0.797180,0.914292,0.876174,0.614597,0.785943,0.794895,151
149,0.810940,0.645148,0.662847,5.344131,0.071365,0.786158,0.819398,0.861802,0.652372,0.783957,0.813260,152
31,0.811023,0.645774,0.660520,4.874295,0.079012,0.793006,0.840705,0.861760,0.639655,0.808728,0.814183,153
347,0.811391,0.638063,0.665574,4.797879,0.078756,0.795416,0.805660,0.832347,0.642044,0.834698,0.862333,154
105,0.812124,0.672178,0.644713,5.836688,0.089025,0.794571,0.800748,0.824223,0.625488,0.836271,0.886124,155
130,0.812188,0.649982,0.661118,4.791707,0.090012,0.798693,0.851853,0.855399,0.619603,0.832916,0.833695,156
403,0.812269,0.668217,0.652226,5.332108,0.092271,0.795412,0.885333,0.879708,0.630072,0.791690,0.790256,157
251,0.812571,0.650823,0.658408,4.900463,0.084696,0.790897,0.824190,0.856808,0.624064,0.812571,0.836853,158
175,0.813023,0.650835,0.660900,4.359687,0.089623,0.794032,0.878133,0.868546,0.629566,0.781627,0.812289,159
72,0.813037,0.659559,0.650730,4.745631,0.108556,0.795565,0.874443,0.857347,0.582184,0.813123,0.850730,160
59,0.814264,0.649688,0.664467,5.181308,0.101225,0.784543,0.859163,0.866400,0.597167,0.758901,0.841084,161
217,0.814649,0.644795,0.668757,4.532278,0.089490,0.803065,0.851882,0.849330,0.624205,0.841946,0.847964,162
491,0.815259,0.655715,0.657955,4.737877,0.096596,0.798282,0.870033,0.863411,0.609470,0.812735,0.835760,163
54,0.815520,0.662240,0.660644,6.467408,0.098731,0.802752,0.901899,0.875344,0.619524,0.808258,0.808732,164
91,0.815577,0.650311,0.667342,5.466991,0.089379,0.806495,0.840249,0.832495,0.630054,0.855146,0.874532,165
124,0.815849,0.633785,0.677248,4.495054,0.094975,0.795470,0.877268,0.868815,0.616698,0.787384,0.827183,166
294,0.815857,0.650542,0.669914,5.149906,0.087597,0.800658,0.842031,0.855145,0.625902,0.835985,0.844226,167
269,0.816059,0.641164,0.671388,4.585996,0.102530,0.791815,0.859805,0.875369,0.593397,0.799604,0.830901,168
110,0.816123,0.639760,0.674364,4.912312,0.094913,0.794039,0.834735,0.858301,0.606371,0.817825,0.852961,169
215,0.816239,0.644629,0.672126,5.363093,0.104905,0.795579,0.875253,0.866831,0.592230,0.800864,0.842717,170
365,0.816838,0.664009,0.653260,5.143064,0.084037,0.809211,0.877223,0.835228,0.645569,0.823934,0.864100,171
86,0.816980,0.651628,0.668281,4.822649,0.099133,0.801170,0.897804,0.876498,0.616927,0.800111,0.814510,172
338,0.818077,0.649416,0.672340,4.696089,0.097235,0.800798,0.821010,0.863446,0.608782,0.862876,0.847876,173
252,0.818107,0.646699,0.676495,5.044498,0.095833,0.797786,0.885783,0.887999,0.624607,0.791116,0.799423,174
439,0.818598,0.658843,0.669284,5.313717,0.089252,0.797866,0.860065,0.863572,0.625415,0.798780,0.841496,175
412,0.818827,0.659390,0.662636,5.046661,0.086231,0.795488,0.862838,0.878403,0.636479,0.784933,0.814787,176
95,0.818839,0.648761,0.670152,5.290549,0.084942,0.810142,0.856351,0.825552,0.645664,0.835498,0.887645,177
55,0.819202,0.638004,0.681038,4.974253,0.095410,0.798292,0.835706,0.856081,0.609415,0.826234,0.864024,178
479,0.819349,0.657387,0.666483,5.204183,0.108396,0.796438,0.892889,0.895672,0.597637,0.792000,0.803989,179
127,0.819497,0.651744,0.666413,4.802640,0.097287,0.806014,0.886149,0.867623,0.616565,0.823632,0.836101,180
278,0.820242,0.657546,0.668137,4.945767,0.093003,0.808196,0.849129,0.849887,0.622562,0.853840,0.865561,181
142,0.820646,0.640217,0.680630,4.702812,0.099951,0.802536,0.886143,0.878215,0.611336,0.809369,0.827619,182
480,0.821366,0.655570,0.671763,4.956608,0.086547,0.802684,0.821059,0.830679,0.639034,0.824772,0.897875,183
212,0.821658,0.672014,0.658836,5.318625,0.078297,0.802166,0.827308,0.858725,0.647579,0.827040,0.850179,184
297,0.821705,0.653990,0.672152,5.126757,0.094570,0.806554,0.805975,0.845229,0.625086,0.875700,0.880783,185
310,0.822518,0.670091,0.663222,5.660868,0.080057,0.811547,0.890730,0.863979,0.660923,0.812155,0.829951,186
429,0.822704,0.640845,0.683082,4.512215,0.104009,0.801391,0.856079,0.866558,0.595407,0.825572,0.863340,187
437,0.822773,0.637105,0.682937,5.108969,0.107099,0.799203,0.904832,0.913726,0.619672,0.782202,0.775584,188
335,0.822968,0.669654,0.659699,4.755411,0.074727,0.805577,0.844680,0.875810,0.661323,0.827521,0.818552,189
263,0.823026,0.672548,0.658072,5.139617,0.087947,0.798595,0.822231,0.878828,0.627166,0.830405,0.834345,190
461,0.823073,0.652890,0.673968,4.808838,0.076615,0.812096,0.878468,0.857665,0.663878,0.819250,0.841216,191
229,0.823840,0.658969,0.673375,4.632719,0.095115,0.805542,0.872745,0.872260,0.619570,0.818798,0.844340,192
40,0.824136,0.643807,0.684280,4.483902,0.112087,0.811597,0.822506,0.824102,0.602000,0.879395,0.929980,193
327,0.824289,0.663137,0.667411,5.243392,0.103763,0.815227,0.854986,0.841792,0.610768,0.874203,0.894384,194
453,0.824758,0.687419,0.655863,5.088126,0.088018,0.810908,0.897007,0.879892,0.648092,0.811228,0.818323,195
38,0.825301,0.640999,0.684664,5.091473,0.096133,0.813385,0.871867,0.845694,0.624140,0.839336,0.885887,196
420,0.826282,0.636633,0.690960,5.023371,0.102016,0.805827,0.850785,0.872787,0.602852,0.841706,0.861007,197
326,0.826903,0.685577,0.657314,5.186728,0.081512,0.808918,0.840277,0.869278,0.647310,0.839680,0.848043,198
356,0.827177,0.661325,0.679773,6.264814,0.088220,0.811801,0.869552,0.878254,0.638698,0.837343,0.835159,199
222,0.827392,0.654094,0.681275,4.612153,0.100377,0.795708,0.878194,0.905808,0.621435,0.765186,0.807916,200
329,0.827402,0.634043,0.691934,4.674397,0.102505,0.810239,0.896590,0.879786,0.612693,0.817804,0.844321,201
267,0.827557,0.647263,0.683032,5.307899,0.102284,0.802913,0.892953,0.898631,0.616787,0.788992,0.817202,202
325,0.827691,0.643470,0.688742,5.157432,0.095614,0.807339,0.874764,0.880623,0.621760,0.816596,0.842952,203
240,0.828317,0.684224,0.662134,4.925630,0.088765,0.816558,0.867370,0.858740,0.639532,0.849457,0.867690,204
115,0.828710,0.634050,0.696201,4.405088,0.123582,0.809868,0.923901,0.901245,0.576305,0.818406,0.829483,205
145,0.828872,0.659193,0.675029,5.044745,0.093243,0.806143,0.867711,0.887698,0.626830,0.813720,0.834757,206
443,0.828943,0.660974,0.679721,4.918995,0.092746,0.817749,0.848395,0.847358,0.634960,0.867308,0.890723,207
449,0.828978,0.632775,0.699064,4.615356,0.105961,0.814533,0.924435,0.882622,0.617617,0.808688,0.839303,208
315,0.829017,0.643781,0.685206,4.658099,0.096810,0.811322,0.883605,0.880844,0.622831,0.825083,0.844249,209
369,0.829111,0.660741,0.673809,5.061934,0.109819,0.816282,0.918839,0.899807,0.610478,0.837473,0.814813,210
100,0.829306,0.629183,0.699481,4.377904,0.121559,0.816018,0.958753,0.879917,0.597661,0.792909,0.850848,211
195,0.830443,0.690728,0.662648,5.838908,0.089497,0.811401,0.832536,0.868666,0.634274,0.854652,0.866878,212
494,0.830490,0.664139,0.676174,5.081821,0.099675,0.813826,0.890194,0.868685,0.619533,0.821959,0.868759,213
146,0.830875,0.640156,0.694693,4.635305,0.094041,0.802274,0.860799,0.901707,0.627593,0.799387,0.821885,214
61,0.831406,0.663578,0.678030,4.813515,0.082167,0.805606,0.820599,0.882945,0.646741,0.831809,0.845934,215
306,0.831518,0.666893,0.674296,4.625063,0.091538,0.815955,0.817608,0.853754,0.639777,0.878033,0.890600,216
504,0.831668,0.651130,0.686730,4.920954,0.077487,0.827545,0.878269,0.853593,0.673360,0.866079,0.866426,217
381,0.831724,0.647725,0.687397,5.032896,0.113994,0.809121,0.911342,0.900367,0.595752,0.803668,0.834475,218
253,0.832888,0.653772,0.688537,5.337401,0.100403,0.816614,0.921224,0.897832,0.635567,0.808123,0.820325,219
4,0.832975,0.662184,0.678285,4.820104,0.080404,0.825056,0.900496,0.863678,0.669959,0.834526,0.856619,220
160,0.833124,0.651817,0.691627,5.082812,0.091902,0.814731,0.910691,0.887060,0.650669,0.791819,0.833418,221
157,0.833250,0.661955,0.680147,5.132829,0.099191,0.807949,0.880786,0.899963,0.621273,0.805898,0.831827,222
156,0.833412,0.677020,0.675635,4.944479,0.078721,0.821363,0.862283,0.866918,0.664158,0.853535,0.859924,223
81,0.833624,0.654218,0.689764,4.872138,0.095274,0.819326,0.889140,0.876314,0.631664,0.839874,0.859637,224
404,0.833642,0.658086,0.686749,4.734963,0.118557,0.812632,0.948258,0.923064,0.616670,0.783484,0.791685,225
248,0.834003,0.644303,0.694053,4.521950,0.109524,0.817723,0.860740,0.846643,0.605541,0.852952,0.922739,226
289,0.834707,0.649444,0.692962,5.247194,0.099933,0.805345,0.862038,0.910208,0.617487,0.811956,0.825037,227
202,0.835746,0.653587,0.690872,4.705043,0.121270,0.826403,0.971786,0.907877,0.612750,0.823203,0.816397,228
436,0.836641,0.644773,0.697366,4.335920,0.100164,0.814498,0.865242,0.890351,0.616660,0.841236,0.859002,229
44,0.836680,0.684357,0.679067,6.126067,0.117032,0.803675,0.870623,0.903912,0.578370,0.805337,0.860135,230
50,0.837296,0.687362,0.669794,5.371400,0.097530,0.833485,0.901968,0.853407,0.641525,0.873783,0.896741,231
74,0.837439,0.688824,0.666708,4.772821,0.103974,0.829193,0.933799,0.880700,0.630661,0.841950,0.858856,232
93,0.837520,0.643397,0.703378,4.431510,0.124081,0.821288,0.965275,0.907969,0.601707,0.800622,0.830865,233
348,0.837994,0.663279,0.692399,4.802032,0.083775,0.820415,0.871357,0.892133,0.657506,0.841781,0.839298,234
322,0.838587,0.662258,0.689286,4.987335,0.092689,0.824872,0.878757,0.887960,0.641093,0.864036,0.852512,235
169,0.838599,0.682157,0.676414,5.828987,0.089039,0.820534,0.885754,0.886184,0.647729,0.828556,0.854445,236
295,0.839306,0.658617,0.693984,5.523196,0.096793,0.818698,0.839531,0.854159,0.633372,0.847976,0.918450,237
509,0.839422,0.669841,0.686630,5.395714,0.091676,0.829231,0.912909,0.874663,0.652049,0.839002,0.867533,238
380,0.839464,0.659091,0.692937,4.857932,0.093494,0.818509,0.877205,0.899904,0.637455,0.836158,0.841820,239
209,0.840257,0.643144,0.706579,4.859339,0.097547,0.826516,0.916620,0.891568,0.640451,0.833955,0.849984,240
90,0.840741,0.646373,0.703628,4.711503,0.106074,0.808823,0.861674,0.915717,0.606619,0.818862,0.841244,241
308,0.840942,0.661584,0.696793,5.289470,0.102557,0.821158,0.895579,0.884657,0.621320,0.827968,0.876267,242
159,0.840988,0.669171,0.680933,4.524536,0.083229,0.830297,0.859412,0.868654,0.664515,0.878957,0.879948,243
298,0.841128,0.675133,0.680827,5.336170,0.106310,0.825742,0.812699,0.833397,0.637341,0.890949,0.954323,244
98,0.841324,0.659620,0.693013,5.105273,0.110219,0.822142,0.920321,0.904042,0.613087,0.825006,0.848253,245
401,0.841870,0.691197,0.673979,5.353843,0.099410,0.826205,0.855341,0.873691,0.628898,0.879617,0.893476,246
43,0.842229,0.672555,0.688737,5.336546,0.103610,0.828837,0.911363,0.881680,0.625681,0.846890,0.878572,247
419,0.842765,0.663225,0.694211,4.976073,0.093212,0.834406,0.908228,0.869683,0.651103,0.857461,0.885556,248
261,0.843445,0.669563,0.691803,5.285886,0.105084,0.827831,0.928036,0.899265,0.629239,0.829761,0.852856,249
499,0.843763,0.675609,0.690003,5.118361,0.090785,0.827457,0.887755,0.902876,0.651428,0.854197,0.841026,250
234,0.844461,0.654641,0.701574,4.873192,0.100815,0.833069,0.911119,0.873338,0.635354,0.852011,0.893524,251
502,0.844496,0.676338,0.684775,5.082278,0.085501,0.824847,0.852824,0.870036,0.657455,0.846779,0.897141,252
197,0.844892,0.653313,0.698814,4.612394,0.125772,0.824382,0.965128,0.906901,0.600320,0.791091,0.858471,253
247,0.845657,0.676429,0.685356,5.135233,0.093701,0.822435,0.826648,0.872758,0.642110,0.863876,0.906783,254
114,0.846684,0.676009,0.684985,4.655482,0.108093,0.836688,0.842423,0.847552,0.635077,0.913254,0.945133,255
135,0.846783,0.678493,0.688174,4.693779,0.092630,0.824868,0.883090,0.898615,0.644642,0.834376,0.863616,256
225,0.846859,0.666786,0.701200,5.178055,0.103161,0.820454,0.880554,0.919328,0.622831,0.836523,0.843035,257
128,0.847253,0.683076,0.681399,5.267828,0.113800,0.825855,0.950383,0.931040,0.632362,0.801176,0.814314,258
196,0.847431,0.670170,0.694139,4.988167,0.103773,0.826242,0.898699,0.911106,0.625264,0.843221,0.852919,259
280,0.847715,0.647567,0.711852,4.431070,0.109574,0.823357,0.908480,0.917760,0.615453,0.826415,0.848676,260
506,0.848250,0.659761,0.706074,5.585785,0.111874,0.841615,0.898969,0.870651,0.619766,0.904115,0.914574,261
232,0.848698,0.663517,0.702688,4.538603,0.099090,0.826003,0.905441,0.916569,0.640706,0.825606,0.841691,262
259,0.848874,0.698159,0.673173,5.037404,0.112025,0.838587,0.820886,0.835254,0.643533,0.923933,0.969329,263
395,0.849908,0.667718,0.703082,4.846633,0.118587,0.838365,0.965015,0.916002,0.618974,0.845626,0.846209,264
390,0.849998,0.680650,0.694864,5.070383,0.099477,0.836150,0.928534,0.905037,0.647044,0.845076,0.855059,265
511,0.852500,0.696836,0.687208,5.696312,0.102448,0.825370,0.908495,0.924119,0.637649,0.811557,0.845033,266
88,0.852709,0.680759,0.696582,5.534237,0.102571,0.855818,0.926388,0.857541,0.657004,0.912367,0.925790,267
446,0.852814,0.660141,0.709876,4.971171,0.116793,0.827035,0.919647,0.928969,0.606422,0.829457,0.850678,268
508,0.854773,0.684070,0.698447,4.684463,0.109607,0.821769,0.894048,0.926628,0.616521,0.810067,0.861578,269
464,0.854838,0.675118,0.699841,4.814734,0.096852,0.833908,0.926896,0.911202,0.657166,0.814532,0.859743,270
56,0.854999,0.678559,0.696826,5.167797,0.106662,0.842785,0.820513,0.848148,0.655951,0.926008,0.963307,271
238,0.855359,0.656825,0.717009,4.694406,0.128238,0.827087,0.955366,0.955976,0.607088,0.802714,0.814292,272
427,0.855460,0.693652,0.689784,5.511921,0.102105,0.844598,0.933523,0.892262,0.645755,0.860366,0.891082,273
361,0.856580,0.693326,0.692240,5.279214,0.097116,0.841916,0.917339,0.903635,0.651861,0.860024,0.876721,274
131,0.857716,0.678393,0.703758,5.030975,0.093063,0.845107,0.845307,0.879538,0.666803,0.918504,0.915381,275
490,0.857767,0.671642,0.705478,4.727694,0.091462,0.842128,0.898759,0.891163,0.661220,0.861627,0.897870,276
450,0.858639,0.689039,0.699204,5.308724,0.120209,0.831309,0.929649,0.941971,0.607566,0.829625,0.847736,277
193,0.858780,0.673089,0.701957,4.866489,0.126234,0.828311,0.943371,0.950560,0.602535,0.807540,0.837551,278
398,0.859326,0.692422,0.697272,5.355995,0.105210,0.837547,0.884005,0.903963,0.628551,0.870169,0.901047,279
228,0.859965,0.682584,0.703046,6.058733,0.111204,0.853350,0.969503,0.912434,0.643041,0.872311,0.869462,280
117,0.860138,0.659586,0.722838,4.251876,0.101881,0.828962,0.897158,0.923497,0.638712,0.813244,0.872201,281
103,0.860239,0.683606,0.708121,5.021242,0.094335,0.847420,0.868231,0.888953,0.661225,0.909321,0.909367,282
23,0.860669,0.753228,0.661732,5.979946,0.102748,0.845982,0.946061,0.926234,0.655521,0.852208,0.849883,283
224,0.861425,0.696143,0.696851,5.651354,0.098644,0.850206,0.920183,0.888066,0.655733,0.874163,0.912888,284
68,0.861568,0.688209,0.697834,5.400029,0.097790,0.840206,0.888177,0.898576,0.647376,0.859137,0.907766,285
39,0.861621,0.660794,0.723604,4.526534,0.119734,0.833266,0.896477,0.927650,0.598033,0.857452,0.886720,286
266,0.861885,0.686367,0.705242,5.573014,0.117304,0.841976,0.957576,0.933033,0.625558,0.835420,0.858294,287
399,0.861947,0.684394,0.704243,5.043604,0.109473,0.845126,0.911836,0.898561,0.628064,0.873532,0.913638,288
250,0.862000,0.709699,0.686173,5.246466,0.095703,0.849666,0.857002,0.863075,0.670908,0.904968,0.952376,289
274,0.862240,0.684312,0.709606,5.554241,0.092665,0.845097,0.900547,0.904696,0.661514,0.868048,0.890677,290
226,0.862670,0.669435,0.712879,4.731837,0.119267,0.854595,0.886729,0.858523,0.629349,0.922315,0.976058,291
80,0.863588,0.681470,0.707258,5.729913,0.115061,0.834067,0.935139,0.940211,0.625377,0.810715,0.858892,292
277,0.864111,0.677120,0.712206,5.295731,0.096632,0.840539,0.833264,0.893760,0.656517,0.895302,0.923850,293
21,0.865253,0.692235,0.706770,4.712075,0.098290,0.842240,0.870402,0.900003,0.648838,0.873671,0.918284,294
150,0.865801,0.704172,0.696911,5.347074,0.093229,0.844195,0.907030,0.920848,0.663920,0.852263,0.876912,295
29,0.866033,0.690698,0.708134,5.259885,0.103096,0.846627,0.906180,0.911988,0.642227,0.872462,0.900277,296
199,0.866506,0.690243,0.704622,5.284357,0.092443,0.850174,0.890770,0.905537,0.665734,0.887984,0.900846,297
312,0.866529,0.723379,0.692839,5.860458,0.100384,0.852034,0.904962,0.882685,0.656237,0.876430,0.939855,298
476,0.866931,0.688327,0.713053,5.081562,0.121353,0.841264,0.968183,0.942472,0.627311,0.807676,0.860678,299
206,0.867209,0.661040,0.734237,5.010927,0.136062,0.853631,1.024115,0.951233,0.622901,0.830511,0.839396,300
45,0.867930,0.701960,0.705936,5.792695,0.107501,0.847428,0.914286,0.919203,0.635121,0.870632,0.897901,301
486,0.868042,0.697202,0.703546,4.743464,0.123394,0.858815,0.956933,0.896608,0.616943,0.889895,0.933698,302
507,0.868320,0.679938,0.723528,4.917345,0.117074,0.843157,0.924134,0.918808,0.615731,0.846760,0.910352,303
457,0.868611,0.664523,0.731867,5.384390,0.117802,0.847899,0.955227,0.931661,0.625040,0.845338,0.882229,304
434,0.868618,0.693806,0.710808,6.181670,0.096890,0.839069,0.916666,0.948360,0.670277,0.817407,0.842636,305
433,0.870066,0.679042,0.714477,4.516109,0.146337,0.840155,0.993540,0.968296,0.583485,0.806084,0.849372,306
154,0.870087,0.697880,0.703154,4.982210,0.099777,0.852255,0.946685,0.936282,0.668537,0.850779,0.858995,307
66,0.870728,0.694456,0.708726,4.954087,0.129443,0.847075,0.930721,0.916445,0.592761,0.864844,0.930606,308
418,0.870858,0.675686,0.722844,4.647352,0.122328,0.828183,0.912836,0.977403,0.617194,0.799291,0.834194,309
357,0.871462,0.698916,0.709452,4.850473,0.126748,0.838395,0.957460,0.970013,0.619821,0.805984,0.838697,310
337,0.872445,0.701349,0.709462,5.858272,0.106764,0.864364,0.928574,0.894181,0.652869,0.909849,0.936350,311
468,0.872671,0.706639,0.705138,5.627151,0.097091,0.851989,0.926189,0.940854,0.668880,0.861674,0.862347,312
314,0.872712,0.681787,0.725892,5.004498,0.153106,0.842788,0.997366,0.974606,0.568428,0.819591,0.853950,313
19,0.873268,0.696860,0.712445,5.189006,0.101345,0.860587,0.949940,0.920561,0.664329,0.875243,0.892860,314
438,0.873323,0.709354,0.715530,5.355858,0.129570,0.861549,0.999469,0.945476,0.621342,0.872715,0.868742,315
191,0.873618,0.708401,0.707143,5.059877,0.102171,0.854356,0.949932,0.935758,0.664499,0.848441,0.873148,316
101,0.874050,0.678739,0.728210,4.817032,0.122994,0.849668,0.971971,0.956139,0.628424,0.832373,0.859433,317
178,0.874743,0.679082,0.729732,5.031618,0.104403,0.852380,0.937758,0.939389,0.654885,0.852269,0.877597,318
158,0.874758,0.706370,0.706106,5.436777,0.106083,0.861025,0.906507,0.901201,0.650395,0.909156,0.937863,319
333,0.875032,0.691282,0.718568,5.305522,0.104131,0.850025,0.933575,0.956381,0.660491,0.849189,0.850488,320
36,0.875422,0.689169,0.719347,4.953518,0.125350,0.852862,0.986487,0.971162,0.638361,0.834952,0.833348,321
424,0.875525,0.704411,0.709506,4.969957,0.117737,0.845862,0.948731,0.963529,0.634862,0.828517,0.853671,322
24,0.875813,0.696542,0.717416,4.628546,0.098549,0.859067,0.869923,0.895360,0.668418,0.915289,0.946344,323
64,0.876064,0.681075,0.729079,4.644605,0.105552,0.858018,0.942432,0.935150,0.653981,0.872296,0.886232,324
109,0.876157,0.703761,0.713092,5.868713,0.097601,0.862968,0.889737,0.893772,0.671771,0.914277,0.945282,325
218,0.876169,0.673069,0.730942,4.800433,0.127818,0.856136,0.974528,0.952285,0.615297,0.863100,0.875470,326
448,0.877388,0.716121,0.701497,5.238929,0.108274,0.874440,0.913616,0.873756,0.668415,0.940874,0.975540,327
303,0.877416,0.697747,0.720080,4.945617,0.094354,0.858157,0.921258,0.926397,0.673442,0.871981,0.897708,328
497,0.877668,0.701296,0.714234,5.332809,0.097164,0.862311,0.863028,0.884023,0.680572,0.919458,0.964476,329
485,0.878257,0.680317,0.735594,5.154675,0.130120,0.854373,0.990852,0.959888,0.621609,0.831401,0.868114,330
57,0.879054,0.681754,0.730792,5.209553,0.113274,0.842532,0.918139,0.973871,0.640216,0.829118,0.851317,331
198,0.879245,0.673743,0.739565,4.541169,0.121877,0.855390,0.967879,0.956515,0.629599,0.848542,0.874417,332
373,0.879265,0.688843,0.727199,4.644442,0.125356,0.861344,0.944307,0.909270,0.615839,0.882942,0.954360,333
170,0.880919,0.680391,0.732541,4.911971,0.125028,0.855695,0.969574,0.959051,0.623528,0.847408,0.878913,334
452,0.881162,0.695555,0.721807,5.249321,0.113719,0.852160,0.933520,0.953038,0.636326,0.850047,0.887868,335
52,0.881471,0.678879,0.735347,5.004063,0.133783,0.856768,1.005018,0.977738,0.629127,0.826161,0.845795,336
309,0.882161,0.687499,0.734943,5.696245,0.097490,0.867195,0.877735,0.899915,0.678837,0.926816,0.952673,337
411,0.882451,0.696808,0.725484,5.571744,0.128079,0.861346,0.986267,0.960680,0.624114,0.858200,0.877467,338
75,0.883074,0.698950,0.721336,4.864716,0.126837,0.857265,0.958495,0.950668,0.613851,0.858999,0.904309,339
82,0.883168,0.682049,0.737143,5.119279,0.101266,0.868113,0.934601,0.933162,0.667530,0.901049,0.904224,340
416,0.883781,0.686495,0.737208,4.934717,0.132326,0.876929,1.031793,0.947772,0.635238,0.883153,0.886690,341
441,0.883979,0.673760,0.744028,4.653224,0.122692,0.859346,0.956344,0.959238,0.624869,0.868292,0.887985,342
272,0.884916,0.721829,0.709147,5.520453,0.120071,0.869945,0.942912,0.923503,0.630918,0.911528,0.940866,343
455,0.885855,0.691024,0.731292,4.592407,0.130734,0.855133,0.980932,0.980622,0.624699,0.827878,0.861533,344
133,0.886092,0.698945,0.736457,5.255621,0.112017,0.860810,0.940048,0.947384,0.644300,0.866113,0.906207,345
129,0.886207,0.681491,0.745187,4.642570,0.108271,0.850336,0.916932,0.971882,0.653200,0.838990,0.870674,346
407,0.886231,0.688348,0.737410,4.716965,0.115265,0.863670,0.973077,0.966726,0.654455,0.856414,0.867677,347
345,0.886735,0.737219,0.706193,6.118417,0.118286,0.854549,0.959422,0.983227,0.650258,0.828992,0.850849,348
244,0.888125,0.706088,0.727202,5.051785,0.127809,0.863073,0.903969,0.906059,0.617453,0.895221,0.992661,349
1,0.888712,0.699617,0.726042,5.035639,0.100807,0.880568,0.909826,0.901616,0.683946,0.945143,0.962306,350
493,0.889816,0.715088,0.725836,5.535398,0.143250,0.863451,1.018603,0.994412,0.617532,0.836438,0.850269,351
462,0.889931,0.703374,0.732314,4.832593,0.102226,0.870631,0.930040,0.927529,0.668721,0.890497,0.936368,352
223,0.890101,0.689781,0.737578,4.623606,0.148993,0.863644,1.031535,0.992031,0.608673,0.827800,0.858183,353
422,0.890702,0.689164,0.740523,4.785074,0.123606,0.865378,0.981286,0.967812,0.637876,0.851712,0.888207,354
350,0.892587,0.708380,0.736473,5.389027,0.105100,0.867014,0.871253,0.922365,0.664797,0.915029,0.961624,355
444,0.893345,0.689392,0.746478,5.214450,0.124989,0.879013,0.949223,0.947845,0.629489,0.940544,0.927962,356
27,0.893577,0.701383,0.735756,4.521174,0.154874,0.864933,1.034859,1.004833,0.599898,0.831668,0.853404,357
284,0.894107,0.700714,0.740251,5.440926,0.127241,0.876433,0.994650,0.967295,0.635223,0.889229,0.895765,358
204,0.894282,0.690797,0.749806,5.064190,0.105223,0.877786,0.915667,0.941043,0.668049,0.936317,0.927856,359
477,0.894491,0.706196,0.732016,4.799838,0.115001,0.871422,0.975188,0.963256,0.656577,0.863991,0.898101,360
275,0.895304,0.721367,0.722733,4.938819,0.099078,0.878814,0.930211,0.935331,0.681238,0.913881,0.933410,361
11,0.895468,0.715784,0.727058,5.942138,0.106927,0.887390,0.948064,0.929775,0.673893,0.944868,0.940348,362
417,0.896651,0.724471,0.722075,5.959596,0.124901,0.891453,0.910874,0.890207,0.658826,0.982676,1.014681,363
300,0.896994,0.717938,0.735911,5.593313,0.108272,0.876746,0.975933,0.962027,0.674206,0.873178,0.898386,364
346,0.898026,0.719038,0.727566,4.935302,0.113943,0.873718,0.900033,0.920768,0.653391,0.910690,0.983707,365
126,0.898366,0.723101,0.725197,5.070619,0.113905,0.872226,0.921954,0.946562,0.647087,0.899553,0.945972,366
20,0.899794,0.717680,0.734258,5.586905,0.117042,0.872175,0.976529,0.991057,0.664051,0.860058,0.869178,367
396,0.900483,0.700935,0.746988,4.421753,0.134097,0.871747,0.963502,0.989991,0.614117,0.894488,0.896639,368
316,0.901025,0.710364,0.740311,4.973619,0.115263,0.865982,0.939779,0.997842,0.657275,0.863520,0.871493,369
421,0.901044,0.710138,0.733426,4.895637,0.129930,0.871004,0.996840,1.008851,0.650461,0.848133,0.850736,370
364,0.904625,0.713374,0.748573,6.583286,0.098422,0.880108,0.955053,0.974881,0.696779,0.878723,0.895102,371
425,0.906487,0.731657,0.731123,5.157337,0.089934,0.895014,0.930240,0.930348,0.716271,0.940446,0.957767,372
487,0.907157,0.711656,0.747984,4.882580,0.086514,0.891199,0.877219,0.914991,0.732942,0.948119,0.982724,373
121,0.908078,0.703123,0.762435,5.072002,0.121790,0.887007,0.925150,0.930892,0.649198,0.932529,0.997268,374
221,0.908174,0.742798,0.726220,5.573643,0.127492,0.889482,0.915519,0.913417,0.647778,0.945238,1.025459,375
299,0.909035,0.726958,0.746467,6.317135,0.124028,0.882255,0.906996,0.922248,0.647878,0.915208,1.018945,376
18,0.909060,0.737637,0.728450,5.501995,0.109110,0.886373,0.936719,0.947206,0.670817,0.912307,0.964815,377
153,0.910506,0.718713,0.749338,5.590015,0.117545,0.893262,0.933361,0.931192,0.662909,0.943215,0.995634,378
379,0.911095,0.710732,0.754291,5.184332,0.131406,0.883631,1.006396,1.004086,0.645742,0.872258,0.889672,379
360,0.911462,0.725999,0.741844,5.574271,0.139966,0.897161,0.876171,0.885523,0.658533,0.990107,1.075472,380
120,0.912213,0.731000,0.739019,4.894830,0.122482,0.903718,0.919737,0.901542,0.678326,0.981479,1.037506,381
14,0.912604,0.704159,0.759697,4.965980,0.151498,0.871638,1.000769,1.015665,0.597472,0.839186,0.905097,382
47,0.912620,0.712957,0.752146,5.468629,0.123622,0.893368,0.994977,0.980416,0.654277,0.912506,0.924664,383
108,0.912868,0.709786,0.758289,4.635458,0.105494,0.895897,0.964683,0.948271,0.687770,0.916233,0.962530,384
505,0.913452,0.732974,0.742455,6.286608,0.119699,0.892647,0.940325,0.944069,0.656394,0.933829,0.988616,385
317,0.914024,0.735289,0.742699,5.978241,0.111080,0.898095,0.951313,0.928132,0.682443,0.927628,1.000962,386
58,0.914523,0.725950,0.747425,5.629598,0.135327,0.912099,0.962342,0.919970,0.650884,1.005854,1.021447,387
400,0.915578,0.706854,0.767994,5.052909,0.133706,0.891415,0.968396,0.984926,0.626444,0.934004,0.943304,388
79,0.916040,0.710291,0.763421,5.232876,0.139323,0.897973,1.065020,0.996498,0.656027,0.868465,0.903855,389
236,0.916060,0.717940,0.757061,5.918884,0.123356,0.894829,0.922231,0.950555,0.651903,0.959783,0.989672,390
201,0.916514,0.762364,0.721858,5.307627,0.092039,0.908942,0.942975,0.950481,0.726227,0.975695,0.949333,391
37,0.917989,0.706445,0.766231,5.403193,0.119358,0.891200,0.974527,0.995225,0.662106,0.904609,0.919531,392
307,0.918396,0.709113,0.766373,4.758898,0.128075,0.889959,1.005491,1.011610,0.658176,0.879163,0.895354,393
388,0.919777,0.701460,0.770017,4.530445,0.152601,0.897662,1.057569,0.998967,0.616175,0.883697,0.931901,394
60,0.920517,0.705770,0.776062,6.288383,0.135107,0.889016,1.018206,1.012430,0.647686,0.860523,0.906236,395
383,0.921080,0.705999,0.773706,4.809840,0.114990,0.894622,0.980381,0.998636,0.676855,0.900672,0.916563,396
414,0.921560,0.723851,0.753855,5.027739,0.147211,0.896509,1.068888,1.019837,0.648184,0.854888,0.890749,397
320,0.922459,0.703366,0.779648,4.778787,0.129750,0.893837,1.000953,1.009575,0.651208,0.892724,0.914728,398
210,0.923405,0.719204,0.764718,5.006321,0.163529,0.915269,0.995239,0.938855,0.595231,1.002285,1.044736,399
372,0.925247,0.732945,0.753914,4.986663,0.120905,0.916001,1.029116,0.988111,0.683947,0.948088,0.930742,400
26,0.925257,0.730572,0.754923,5.610535,0.170212,0.897006,1.090379,1.046858,0.608178,0.862382,0.877232,401
138,0.925286,0.747110,0.748657,6.327670,0.114367,0.901791,0.980605,0.985237,0.678573,0.915840,0.948699,402
498,0.925645,0.733659,0.761146,5.489905,0.132697,0.901191,1.021518,1.007305,0.652638,0.900413,0.924080,403
245,0.925879,0.737528,0.752214,4.679271,0.115742,0.908718,0.920288,0.912658,0.701346,0.952581,1.056718,404
190,0.926330,0.728729,0.764202,5.675044,0.114877,0.903907,0.968396,0.976529,0.676273,0.931325,0.967012,405
323,0.927184,0.730423,0.769825,5.099497,0.157861,0.896727,1.067647,1.027840,0.620299,0.856952,0.910897,406
112,0.928372,0.736446,0.763066,6.204584,0.125306,0.925470,0.994324,0.944889,0.678906,0.998789,1.010445,407
496,0.930773,0.748731,0.751246,5.565083,0.112369,0.906312,0.967228,1.002380,0.686704,0.939263,0.935983,408
241,0.931963,0.717764,0.777766,4.631618,0.138463,0.921977,1.038858,0.964487,0.651969,0.951125,1.003446,409
53,0.932279,0.729524,0.766079,5.011936,0.180299,0.900681,1.117232,1.062807,0.609061,0.840918,0.873386,410
473,0.933017,0.751577,0.755655,5.748930,0.126978,0.918299,1.044829,0.989143,0.677495,0.921854,0.958171,411
313,0.934270,0.740850,0.762623,5.456141,0.146838,0.903418,1.062116,1.035133,0.651628,0.860344,0.907868,412
2,0.934330,0.726502,0.779097,4.957371,0.104837,0.918928,0.991727,0.974274,0.711676,0.942536,0.974427,413
35,0.934446,0.758956,0.750828,5.363162,0.104447,0.915369,0.983001,0.978757,0.709301,0.934543,0.971242,414
349,0.935186,0.729196,0.773906,5.195681,0.135692,0.907621,0.925101,0.979687,0.641878,0.981206,1.010233,415
164,0.937047,0.739495,0.761380,4.776992,0.147564,0.897153,1.030786,1.052448,0.641043,0.861124,0.900365,416
264,0.937523,0.729536,0.778279,6.015066,0.131783,0.931101,0.955875,0.922702,0.688666,1.013942,1.074321,417
402,0.938140,0.726966,0.777502,5.168060,0.143859,0.905520,1.020556,1.027533,0.633669,0.902323,0.943519,418
334,0.938291,0.733292,0.778855,5.403918,0.125310,0.911295,1.004772,1.018084,0.671645,0.921942,0.940031,419
51,0.938613,0.726411,0.778761,5.202648,0.134936,0.905434,1.007498,1.045613,0.658544,0.909429,0.906087,420
340,0.939247,0.732732,0.784288,4.947099,0.125934,0.919523,1.024817,1.012985,0.677586,0.938946,0.943281,421
186,0.941101,0.729182,0.788541,5.467402,0.110221,0.907997,0.942034,0.983491,0.695441,0.918289,1.000729,422
475,0.941236,0.738614,0.777282,4.924123,0.139737,0.920970,1.010166,1.003528,0.643225,0.966865,0.981068,423
143,0.942129,0.718994,0.796790,5.030793,0.128642,0.928247,1.074090,1.010573,0.694958,0.919431,0.942184,424
478,0.943062,0.750779,0.769227,5.768479,0.146657,0.912802,1.055151,1.033661,0.645668,0.889239,0.940291,425
181,0.943507,0.712757,0.795844,4.702107,0.130131,0.919499,1.009591,0.989267,0.665404,0.929999,1.003232,426
273,0.945261,0.739893,0.784217,5.146376,0.140161,0.925879,1.074932,1.025961,0.669608,0.917361,0.941534,427
179,0.948474,0.759407,0.770167,5.237792,0.107641,0.942239,1.033532,0.997612,0.731744,0.983839,0.964469,428
113,0.949084,0.749012,0.781547,5.838423,0.133670,0.918621,1.030140,1.052170,0.675589,0.917573,0.917632,429
363,0.949957,0.737306,0.789493,5.062170,0.165544,0.914202,1.090195,1.087784,0.644540,0.872041,0.876449,430
96,0.951069,0.741440,0.788296,5.158857,0.141843,0.931618,1.072848,1.008447,0.664683,0.922141,0.989970,431
305,0.951639,0.745306,0.784003,4.993540,0.174153,0.913162,1.092014,1.084034,0.615389,0.872317,0.902054,432
211,0.952928,0.752991,0.776269,5.317083,0.127664,0.919102,1.007887,1.055686,0.684770,0.924090,0.923078,433
447,0.953123,0.737000,0.786194,4.431768,0.179252,0.912107,1.071739,1.093007,0.592406,0.898245,0.905135,434
318,0.953123,0.742935,0.788376,5.225043,0.133296,0.953784,1.036745,0.956309,0.695886,1.023025,1.056955,435
355,0.953527,0.732096,0.800630,5.397540,0.141170,0.935793,1.023433,0.991069,0.656302,0.976989,1.031171,436
155,0.953530,0.730418,0.794183,4.809875,0.188467,0.929080,1.149852,1.070335,0.600416,0.899556,0.925242,437
12,0.954200,0.727927,0.801284,4.963980,0.167525,0.925958,1.102888,1.065291,0.627296,0.905929,0.928386,438
99,0.955664,0.764434,0.781028,6.205975,0.111672,0.929004,1.004293,1.017143,0.713133,0.933533,0.976917,439
456,0.955682,0.720539,0.808606,4.863306,0.174775,0.928718,1.133387,1.074868,0.632523,0.890033,0.912779,440
107,0.957117,0.748201,0.795258,5.221046,0.127714,0.937542,1.063516,1.017671,0.697958,0.928762,0.979805,441
353,0.962902,0.725516,0.817363,4.617094,0.148432,0.948840,1.124005,1.055933,0.688577,0.941699,0.933985,442
180,0.963515,0.753919,0.795028,4.980202,0.144779,0.938997,1.088237,1.060562,0.679009,0.926460,0.940715,443
382,0.963886,0.754802,0.791068,5.233009,0.140317,0.932421,1.051245,1.055148,0.670828,0.924669,0.960213,444
176,0.969760,0.757824,0.797108,4.612558,0.170647,0.936849,1.128617,1.094057,0.651188,0.889284,0.921097,445
287,0.969932,0.754615,0.805619,5.269909,0.117143,0.951185,0.968610,0.977314,0.729279,1.005153,1.075567,446
440,0.973300,0.750748,0.810797,6.428007,0.131378,0.953349,1.023817,1.014385,0.692184,0.995854,1.040504,447
283,0.973744,0.769380,0.800399,6.136186,0.109412,0.953868,0.987178,1.020875,0.736225,1.010980,1.014080,448
116,0.974416,0.755869,0.809184,4.927715,0.132694,0.964628,1.090974,1.010634,0.709453,0.979442,1.032637,449
258,0.974832,0.765521,0.801311,5.357875,0.115360,0.953608,1.046819,1.038808,0.731520,0.962887,0.988004,450
219,0.976467,0.750613,0.819303,5.711038,0.127423,0.952997,1.067761,1.074548,0.722756,0.960177,0.939740,451
106,0.978928,0.746587,0.822660,4.790090,0.144752,0.945868,1.073196,1.069930,0.678066,0.928487,0.979659,452
339,0.979343,0.750040,0.821100,4.990705,0.144935,0.958595,1.113183,1.071347,0.697164,0.950339,0.960941,453
177,0.982821,0.754762,0.815029,4.921418,0.174061,0.945456,1.127109,1.105593,0.643932,0.901683,0.948965,454
474,0.983626,0.768197,0.809764,4.980220,0.149848,0.943383,1.084732,1.097403,0.685386,0.899113,0.950279,455
192,0.983741,0.778401,0.802436,6.464685,0.110958,0.968040,0.976577,1.003570,0.754411,1.042580,1.063063,456
89,0.983875,0.762561,0.814915,5.622175,0.169121,0.964940,1.127222,1.049328,0.641201,0.973668,1.033280,457
94,0.985960,0.764852,0.821963,5.498612,0.155492,0.962785,1.097631,1.073435,0.664458,0.983423,0.994978,458
432,0.990471,0.758915,0.829945,5.292398,0.168770,0.972506,1.165328,1.088545,0.669719,0.963435,0.975503,459
137,0.991477,0.790188,0.806921,5.496905,0.114598,0.967663,0.965311,1.006557,0.752614,1.025551,1.088281,460
484,0.993064,0.778226,0.811708,4.711273,0.150089,0.972627,1.095309,1.067297,0.679973,1.001981,1.018574,461
28,0.994370,0.771306,0.824258,4.697573,0.185174,0.964063,1.174767,1.115110,0.643727,0.923822,0.962889,462
489,0.999244,0.777953,0.826168,5.974401,0.157793,0.980020,1.143330,1.067220,0.684344,0.972817,1.032389,463
510,1.001042,0.804845,0.800915,5.233713,0.163602,0.969420,1.109005,1.089784,0.657919,0.967853,1.022539,464
387,1.003104,0.810153,0.810597,5.824120,0.130469,0.996698,1.053623,1.028692,0.738718,1.082285,1.080172,465
84,1.004757,0.784739,0.822679,4.913805,0.168339,0.971153,1.128215,1.107922,0.659725,0.955722,1.004181,466
324,1.005757,0.782258,0.832508,5.878725,0.138795,0.982237,1.142973,1.100002,0.747127,0.946450,0.974631,467
394,1.006628,0.772442,0.842925,5.658092,0.156570,0.981279,1.144094,1.102392,0.696805,0.966261,0.996844,468
291,1.008934,0.784658,0.834268,5.727593,0.135440,0.980200,0.995211,1.024800,0.724216,1.029932,1.126844,469
168,1.010120,0.779595,0.833359,5.104112,0.151353,0.977159,1.094418,1.093537,0.687179,0.977319,1.033343,470
483,1.013522,0.825389,0.810359,6.513689,0.122574,0.997685,1.022641,1.068038,0.756850,1.092354,1.048541,471
132,1.013921,0.793314,0.837850,5.499629,0.186406,0.989958,1.213604,1.136591,0.672597,0.956461,0.970538,472
239,1.021053,0.797013,0.842620,4.897400,0.196465,0.982166,1.198874,1.166270,0.651864,0.930311,0.963511,473
492,1.021493,0.781889,0.865790,5.208249,0.156408,1.000491,1.129776,1.091415,0.695264,1.026307,1.059694,474
495,1.022601,0.802267,0.844770,5.781157,0.152611,0.985224,1.115727,1.123451,0.704435,0.964822,1.017682,475
166,1.023065,0.797605,0.843398,5.137058,0.163005,0.991185,1.165954,1.127392,0.704981,0.951080,1.006517,476
205,1.023274,0.809506,0.838616,5.977434,0.162967,0.986786,1.145363,1.132778,0.695499,0.953736,1.006552,477
162,1.029006,0.803439,0.847253,5.947858,0.154467,0.989204,1.093843,1.125907,0.694259,0.991160,1.040850,478
255,1.035401,0.800759,0.861369,4.872063,0.204639,0.997456,1.174940,1.166275,0.612180,1.007261,1.026625,479
343,1.035873,0.777145,0.883539,5.988382,0.164060,1.000542,1.155007,1.154395,0.706119,0.982065,1.005124,480
408,1.037063,0.806335,0.850021,5.971919,0.193794,0.987708,1.168819,1.190898,0.653352,0.944685,0.980785,481
471,1.039325,0.814100,0.854432,5.934399,0.179836,0.991957,1.147586,1.188091,0.678702,0.964172,0.981234,482
431,1.042315,0.804110,0.860880,4.769055,0.198976,0.992875,1.194011,1.201198,0.660976,0.932442,0.975751,483
41,1.043951,0.825211,0.851495,4.862185,0.212725,1.010541,1.253986,1.191943,0.647200,0.970315,0.989260,484
8,1.044134,0.814586,0.868528,5.368774,0.170521,1.012910,1.207593,1.158674,0.723339,0.964097,1.010844,485
286,1.044610,0.798673,0.877963,5.064920,0.171715,0.999042,1.072595,1.109890,0.664890,1.015339,1.132497,486
220,1.051897,0.813116,0.877992,5.862466,0.159665,1.030877,1.147543,1.091777,0.719002,1.054103,1.141960,487
147,1.057095,0.807571,0.886382,5.170746,0.182767,1.022654,1.208056,1.165942,0.690799,0.992769,1.055707,488
208,1.060637,0.849084,0.857616,5.460995,0.119768,1.038861,1.085377,1.116362,0.800174,1.094605,1.097787,489
189,1.061726,0.816215,0.890861,6.030369,0.159153,1.026582,1.141868,1.134759,0.719316,1.025290,1.111677,490
76,1.065176,0.804260,0.897623,5.147035,0.160803,1.036824,1.168440,1.151760,0.726822,1.050642,1.086457,491
293,1.069162,0.816037,0.892833,5.089751,0.208161,1.023784,1.239962,1.216695,0.663420,0.970630,1.028214,492
319,1.075743,0.851579,0.874278,5.644560,0.208760,1.051328,1.305524,1.190575,0.688138,1.008507,1.063897,493
409,1.077102,0.827791,0.904018,5.413503,0.195145,1.046438,1.250603,1.183703,0.688916,1.023420,1.085549,494
371,1.079443,0.826498,0.903971,5.340187,0.191835,1.041498,1.201840,1.191639,0.676628,1.044794,1.092587,495
415,1.080750,0.839114,0.899958,5.089812,0.215060,1.053717,1.312072,1.213315,0.683064,1.013753,1.046382,496
359,1.081420,0.840081,0.898121,5.046861,0.241272,1.047681,1.351311,1.244102,0.655588,0.974671,1.012734,497
139,1.085515,0.835706,0.912552,5.494391,0.186707,1.035522,1.190160,1.225994,0.699306,1.008438,1.053712,498
34,1.099663,0.833924,0.922738,5.056427,0.185193,1.066712,1.259751,1.229337,0.739242,1.044314,1.060915,499
503,1.103879,0.855267,0.912066,5.204471,0.213496,1.058719,1.260542,1.241655,0.669152,1.030062,1.092185,500
482,1.125064,0.848248,0.950760,5.113883,0.213676,1.092575,1.339280,1.264781,0.723930,1.050027,1.084857,501
368,1.129637,0.887899,0.914423,5.045961,0.248413,1.094544,1.381965,1.287377,0.662213,1.052011,1.089153,502
342,1.147425,0.878477,0.961269,5.456920,0.200435,1.102899,1.297302,1.292581,0.748115,1.068283,1.108215,503
174,1.151523,0.904893,0.953982,5.537932,0.202513,1.111185,1.272508,1.263186,0.722202,1.119360,1.178671,504
85,1.162313,0.955724,0.919002,5.874032,0.229395,1.097389,1.305629,1.335935,0.700355,1.027963,1.117061,505
10,1.164544,0.925660,0.933623,5.848963,0.255593,1.117410,1.412677,1.332245,0.685255,1.036561,1.120312,506
104,1.172701,0.958045,0.928684,6.025412,0.250874,1.121197,1.389222,1.359764,0.694670,1.061070,1.101258,507
470,1.179746,0.946916,0.943815,5.357394,0.279352,1.119193,1.428817,1.401060,0.667412,1.026899,1.071778,508
242,1.186200,0.913420,0.976954,5.859171,0.229092,1.136379,1.361010,1.343532,0.727816,1.094353,1.155185,509
288,1.192863,0.963692,0.947340,5.600411,0.242361,1.168347,1.476621,1.324694,0.754717,1.112627,1.173075,510
469,1.354137,1.079720,1.079512,6.026653,0.302711,1.302670,1.622592,1.528504,0.755134,1.253453,1.353669,511
214,1.359634,1.107566,1.068189,6.547422,0.327419,1.322623,1.739141,1.556731,0.774328,1.240969,1.301944,512
