dimension,dsp_type,r2_linear
0,tempo,0.000003
1,tempo,0.000042
2,tempo,0.000538
3,tempo,0.000072
4,tempo,0.000003
5,tempo,0.000205
6,tempo,0.000203
7,tempo,0.000251
8,tempo,0.000018
9,tempo,0.000011
10,tempo,0.000028
11,tempo,0.000012
12,tempo,0.000194
13,tempo,0.000007
14,tempo,0.000008
15,tempo,0.000023
16,tempo,0.000001
17,tempo,0.000056
18,tempo,0.000223
19,tempo,0.000122
20,tempo,0.000033
21,tempo,0.000069
22,tempo,0.000115
23,tempo,0.000097
24,tempo,0.000004
25,tempo,0.000182
26,tempo,0.000029
27,tempo,0.000055
28,tempo,0.000097
29,tempo,0.000073
30,tempo,0.000017
31,tempo,0.000309
32,tempo,0.000130
33,tempo,0.000814
34,tempo,0.000162
35,tempo,0.000043
36,tempo,0.000036
37,tempo,0.000445
38,tempo,0.000015
39,tempo,0.000219
40,tempo,0.000103
41,tempo,0.000025
42,tempo,0.000341
43,tempo,0.000106
44,tempo,0.000012
45,tempo,0.000018
46,tempo,0.000014
47,tempo,0.000063
48,tempo,0.000001
49,tempo,0.000155
50,tempo,0.000001
51,tempo,0.000011
52,tempo,0.000107
53,tempo,0.000006
54,tempo,0.000102
55,tempo,0.000088
56,tempo,-0.000000
57,tempo,0.000133
58,tempo,0.000048
59,tempo,0.000001
60,tempo,0.000014
61,tempo,0.000053
62,tempo,0.000093
63,tempo,0.000047
64,tempo,0.000017
65,tempo,0.000010
66,tempo,0.000199
67,tempo,0.000020
68,tempo,0.000019
69,tempo,0.000529
70,tempo,0.000647
71,tempo,0.000095
72,tempo,0.000019
73,tempo,0.000127
74,tempo,0.000030
75,tempo,0.000046
76,tempo,0.000014
77,tempo,0.000454
78,tempo,0.000031
79,tempo,0.000008
80,tempo,0.000026
81,tempo,0.000556
82,tempo,0.000358
83,tempo,0.000001
84,tempo,0.000080
85,tempo,0.000007
86,tempo,0.000002
87,tempo,0.000303
88,tempo,0.000200
89,tempo,0.000042
90,tempo,0.000005
91,tempo,0.000547
92,tempo,0.000018
93,tempo,0.000468
94,tempo,0.000030
95,tempo,0.000400
96,tempo,0.000041
97,tempo,0.000001
98,tempo,0.000118
99,tempo,0.000036
100,tempo,0.000019
101,tempo,0.000099
102,tempo,0.000181
103,tempo,0.000009
104,tempo,0.000048
105,tempo,0.000008
106,tempo,0.000161
107,tempo,0.000002
108,tempo,0.000047
109,tempo,0.000219
110,tempo,0.000003
111,tempo,0.000001
112,tempo,0.000003
113,tempo,0.000021
114,tempo,0.000614
115,tempo,0.000204
116,tempo,0.000069
117,tempo,0.000005
118,tempo,0.000057
119,tempo,0.000121
120,tempo,0.000196
121,tempo,0.000136
122,tempo,0.000003
123,tempo,0.000025
124,tempo,0.000048
125,tempo,0.000885
126,tempo,0.000014
127,tempo,0.000045
128,tempo,0.000187
129,tempo,0.000014
130,tempo,0.000029
131,tempo,0.000095
132,tempo,0.000048
133,tempo,0.000076
134,tempo,0.000014
135,tempo,0.000254
136,tempo,0.000201
137,tempo,0.000107
138,tempo,0.000048
139,tempo,0.000041
140,tempo,0.000023
141,tempo,0.000072
142,tempo,0.000058
143,tempo,0.000099
144,tempo,0.000005
145,tempo,0.000072
146,tempo,-0.000000
147,tempo,0.000003
148,tempo,0.000085
149,tempo,0.000489
150,tempo,0.000361
151,tempo,0.000402
152,tempo,0.000093
153,tempo,0.000411
154,tempo,0.000082
155,tempo,0.000062
156,tempo,0.000343
157,tempo,0.000184
158,tempo,0.000366
159,tempo,0.000178
160,tempo,0.000260
161,tempo,0.000140
162,tempo,0.000005
163,tempo,0.000119
164,tempo,0.000000
165,tempo,0.000057
166,tempo,0.000133
167,tempo,0.000030
168,tempo,0.000316
169,tempo,0.000172
170,tempo,0.000205
171,tempo,0.000098
172,tempo,0.000127
173,tempo,0.000127
174,tempo,0.000001
175,tempo,0.000090
176,tempo,0.000171
177,tempo,0.000154
178,tempo,0.000161
179,tempo,0.000055
180,tempo,0.000031
181,tempo,0.000024
182,tempo,0.000019
183,tempo,0.000064
184,tempo,0.000173
185,tempo,0.000092
186,tempo,0.000013
187,tempo,0.000124
188,tempo,0.000010
189,tempo,0.000102
190,tempo,0.000281
191,tempo,0.000083
192,tempo,0.000007
193,tempo,0.000150
194,tempo,0.000055
195,tempo,0.000027
196,tempo,0.000121
197,tempo,0.000002
198,tempo,0.000060
199,tempo,0.000267
200,tempo,0.000299
201,tempo,0.000049
202,tempo,0.000015
203,tempo,0.000210
204,tempo,0.000048
205,tempo,0.000000
206,tempo,0.000001
207,tempo,0.000038
208,tempo,0.000736
209,tempo,0.000141
210,tempo,0.000132
211,tempo,0.000002
212,tempo,0.000087
213,tempo,0.000132
214,tempo,0.000054
215,tempo,0.000229
216,tempo,0.000156
217,tempo,0.000163
218,tempo,0.000068
219,tempo,0.000026
220,tempo,0.000046
221,tempo,0.000000
222,tempo,0.000004
223,tempo,0.000012
224,tempo,0.000407
225,tempo,0.000043
226,tempo,0.000334
227,tempo,0.000829
228,tempo,0.000271
229,tempo,0.000377
230,tempo,0.000001
231,tempo,0.000313
232,tempo,0.000013
233,tempo,0.000376
234,tempo,0.000089
235,tempo,0.000295
236,tempo,0.000340
237,tempo,0.000090
238,tempo,0.000060
239,tempo,0.000196
240,tempo,0.000124
241,tempo,0.000159
242,tempo,0.000023
243,tempo,0.000018
244,tempo,0.000311
245,tempo,0.000038
246,tempo,0.000070
247,tempo,0.000495
248,tempo,0.000235
249,tempo,0.000649
250,tempo,0.000000
251,tempo,0.000181
252,tempo,0.000005
253,tempo,0.000000
254,tempo,0.000047
255,tempo,0.000000
256,tempo,0.000355
257,tempo,0.000079
258,tempo,0.000826
259,tempo,0.000127
260,tempo,0.000027
261,tempo,0.000402
262,tempo,0.000601
263,tempo,0.000091
264,tempo,0.000545
265,tempo,0.000411
266,tempo,0.000039
267,tempo,0.000000
268,tempo,0.000004
269,tempo,0.000094
270,tempo,0.000003
271,tempo,0.000008
272,tempo,0.000706
273,tempo,0.000051
274,tempo,0.000154
275,tempo,0.000064
276,tempo,0.000609
277,tempo,0.000166
278,tempo,0.000249
279,tempo,0.000055
280,tempo,0.000023
281,tempo,0.000179
282,tempo,0.000032
283,tempo,0.000473
284,tempo,0.000147
285,tempo,0.000600
286,tempo,0.000042
287,tempo,0.000116
288,tempo,0.000001
289,tempo,0.000038
290,tempo,0.000063
291,tempo,0.000004
292,tempo,0.000049
293,tempo,0.000043
294,tempo,0.000225
295,tempo,0.000001
296,tempo,0.000243
297,tempo,0.000000
298,tempo,0.000049
299,tempo,0.000033
300,tempo,0.000122
301,tempo,0.000072
302,tempo,0.000001
303,tempo,0.000082
304,tempo,0.000300
305,tempo,0.000003
306,tempo,0.002049
307,tempo,0.000248
308,tempo,0.000005
309,tempo,0.000015
310,tempo,0.000466
311,tempo,0.000286
312,tempo,0.000068
313,tempo,0.000046
314,tempo,0.000005
315,tempo,0.000000
316,tempo,0.001386
317,tempo,0.000025
318,tempo,0.000054
319,tempo,0.000034
320,tempo,0.000175
321,tempo,0.000838
322,tempo,0.000648
323,tempo,0.000019
324,tempo,0.000000
325,tempo,0.000069
326,tempo,0.000914
327,tempo,0.000263
328,tempo,0.000170
329,tempo,0.000035
330,tempo,0.000354
331,tempo,0.000072
332,tempo,0.000006
333,tempo,0.000007
334,tempo,0.000006
335,tempo,0.000001
336,tempo,0.000039
337,tempo,0.000607
338,tempo,0.000042
339,tempo,0.000001
340,tempo,0.000007
341,tempo,0.000074
342,tempo,0.000043
343,tempo,0.000122
344,tempo,0.000000
345,tempo,0.000095
346,tempo,0.000984
347,tempo,0.000006
348,tempo,0.000201
349,tempo,0.000101
350,tempo,0.000007
351,tempo,0.000061
352,tempo,0.000116
353,tempo,0.000312
354,tempo,0.000078
355,tempo,0.000047
356,tempo,0.000101
357,tempo,0.000039
358,tempo,0.000061
359,tempo,0.000003
360,tempo,0.000015
361,tempo,0.000759
362,tempo,0.000566
363,tempo,0.000023
364,tempo,0.000247
365,tempo,0.000511
366,tempo,0.000057
367,tempo,0.000244
368,tempo,0.000024
369,tempo,0.000362
370,tempo,0.000295
371,tempo,0.000061
372,tempo,0.000014
373,tempo,0.000178
374,tempo,0.000065
375,tempo,0.000004
376,tempo,0.000047
377,tempo,0.000139
378,tempo,0.000190
379,tempo,0.000060
380,tempo,0.000066
381,tempo,0.000002
382,tempo,0.000021
383,tempo,0.000023
384,tempo,0.000061
385,tempo,0.000085
386,tempo,0.000194
387,tempo,0.000137
388,tempo,0.000000
389,tempo,0.000000
390,tempo,0.000000
391,tempo,0.000238
392,tempo,0.000458
393,tempo,0.000036
394,tempo,0.000021
395,tempo,0.000003
396,tempo,0.000280
397,tempo,0.000180
398,tempo,0.000016
399,tempo,0.001067
400,tempo,0.000017
401,tempo,0.000124
402,tempo,0.000077
403,tempo,0.000412
404,tempo,0.000649
405,tempo,0.000001
406,tempo,0.000436
407,tempo,0.000039
408,tempo,0.000022
409,tempo,0.000204
410,tempo,0.000002
411,tempo,0.000005
412,tempo,0.000044
413,tempo,0.000253
414,tempo,0.000086
415,tempo,0.000041
416,tempo,0.000000
417,tempo,0.000016
418,tempo,0.000007
419,tempo,0.000105
420,tempo,0.000004
421,tempo,0.000009
422,tempo,0.000184
423,tempo,0.000079
424,tempo,0.000170
425,tempo,0.000609
426,tempo,0.000010
427,tempo,0.000241
428,tempo,0.000009
429,tempo,0.000066
430,tempo,0.000125
431,tempo,0.000000
432,tempo,0.000058
433,tempo,0.000024
434,tempo,0.000023
435,tempo,0.000004
436,tempo,0.000267
437,tempo,0.000004
438,tempo,0.000010
439,tempo,0.000162
440,tempo,0.000612
441,tempo,0.000071
442,tempo,0.000007
443,tempo,0.000050
444,tempo,0.000155
445,tempo,0.000133
446,tempo,0.000000
447,tempo,0.000008
448,tempo,0.000100
449,tempo,0.000042
450,tempo,0.000029
451,tempo,0.000008
452,tempo,0.000003
453,tempo,0.000060
454,tempo,0.000097
455,tempo,0.000270
456,tempo,0.000013
457,tempo,0.000434
458,tempo,0.000000
459,tempo,0.000158
460,tempo,0.000054
461,tempo,0.000068
462,tempo,0.000361
463,tempo,0.000165
464,tempo,0.000075
465,tempo,0.000257
466,tempo,0.000032
467,tempo,0.000062
468,tempo,0.000016
469,tempo,0.000146
470,tempo,0.000000
471,tempo,0.000045
472,tempo,0.000067
473,tempo,0.000328
474,tempo,0.000003
475,tempo,0.000201
476,tempo,0.000151
477,tempo,0.000017
478,tempo,0.000088
479,tempo,0.000085
480,tempo,0.000078
481,tempo,0.000002
482,tempo,0.000021
483,tempo,0.000688
484,tempo,0.000003
485,tempo,0.000082
486,tempo,0.000046
487,tempo,0.001025
488,tempo,0.000252
489,tempo,0.000056
490,tempo,0.000051
491,tempo,0.000031
492,tempo,0.000087
493,tempo,0.000005
494,tempo,0.000295
495,tempo,0.000026
496,tempo,0.000045
497,tempo,0.000074
498,tempo,0.000106
499,tempo,0.000275
500,tempo,0.000000
501,tempo,0.000078
502,tempo,0.000368
503,tempo,0.000054
504,tempo,0.000013
505,tempo,0.000219
506,tempo,0.000031
507,tempo,0.000230
508,tempo,0.000078
509,tempo,0.000276
510,tempo,0.000122
511,tempo,0.000025
