dimension,smp_mean_delta,smp_std_delta,ai_base_mean_delta,ai_base_std_delta,difference_ai_minus_smp,abs_difference,cohens_d,discrimination_rank
214,1.739141,1.275763,1.240969,0.993121,-0.498173,0.498173,-0.435766,1
470,1.428817,1.039150,1.026899,0.757724,-0.401918,0.401918,-0.441965,2
359,1.351311,0.960772,0.974671,0.733778,-0.376639,0.376639,-0.440595,3
10,1.412677,1.003703,1.036561,0.816400,-0.376116,0.376116,-0.411120,4
469,1.622592,1.117235,1.253453,1.020538,-0.369138,0.369138,-0.344996,5
288,1.476621,1.091055,1.112627,0.907494,-0.363994,0.363994,-0.362732,6
368,1.381965,0.958884,1.052011,0.809363,-0.329953,0.329953,-0.371871,7
104,1.389222,1.062126,1.061070,0.810475,-0.328152,0.328152,-0.347355,8
415,1.312072,0.953073,1.013753,0.765147,-0.298320,0.298320,-0.345184,9
319,1.305524,0.889436,1.008507,0.805399,-0.297017,0.297017,-0.350066,10
482,1.339280,0.914881,1.050027,0.809560,-0.289253,0.289253,-0.334851,11
41,1.253986,0.909883,0.970315,0.730724,-0.283671,0.283671,-0.343769,12
85,1.305629,1.014686,1.027963,0.816120,-0.277666,0.277666,-0.301558,13
53,1.117232,0.800565,0.840918,0.637859,-0.276314,0.276314,-0.381755,14
293,1.239962,0.842888,0.970630,0.750397,-0.269332,0.269332,-0.337516,15
239,1.198874,0.872416,0.930311,0.713309,-0.268563,0.268563,-0.337033,16
242,1.361010,0.956985,1.094353,0.839809,-0.266658,0.266658,-0.296186,17
431,1.194011,0.829843,0.932442,0.728173,-0.261569,0.261569,-0.335059,18
132,1.213604,0.876868,0.956461,0.757909,-0.257143,0.257143,-0.313761,19
28,1.174767,0.848596,0.923822,0.719519,-0.250944,0.250944,-0.318980,20
155,1.149852,0.817749,0.899556,0.684175,-0.250296,0.250296,-0.331990,21
8,1.207593,0.864445,0.964097,0.754198,-0.243496,0.243496,-0.300169,22
456,1.133387,0.781182,0.890033,0.682318,-0.243353,0.243353,-0.331807,23
176,1.128617,0.797272,0.889284,0.689748,-0.239333,0.239333,-0.321058,24
503,1.260542,0.890142,1.030062,0.837368,-0.230479,0.230479,-0.266710,25
342,1.297302,0.909033,1.068283,0.824261,-0.229019,0.229019,-0.263944,26
26,1.090379,0.820365,0.862382,0.670007,-0.227997,0.227997,-0.304414,27
409,1.250603,0.892360,1.023420,0.779361,-0.227183,0.227183,-0.271177,28
177,1.127109,0.785615,0.901683,0.692850,-0.225426,0.225426,-0.304347,29
408,1.168819,0.827899,0.944685,0.724304,-0.224134,0.224134,-0.288154,30
305,1.092014,0.791706,0.872317,0.663305,-0.219696,0.219696,-0.300817,31
363,1.090195,0.776493,0.872041,0.657867,-0.218155,0.218155,-0.303149,32
34,1.259751,0.871858,1.044314,0.795584,-0.215437,0.215437,-0.258135,33
147,1.208056,0.835208,0.992769,0.764559,-0.215287,0.215287,-0.268886,34
166,1.165954,0.863456,0.951080,0.744575,-0.214875,0.214875,-0.266524,35
414,1.068888,0.806578,0.854888,0.674284,-0.214000,0.214000,-0.287874,36
323,1.067647,0.782101,0.856952,0.678510,-0.210696,0.210696,-0.287781,37
223,1.031535,0.736470,0.827800,0.631512,-0.203735,0.203735,-0.296990,38
27,1.034859,0.753566,0.831668,0.632861,-0.203191,0.203191,-0.292010,39
432,1.165328,0.813326,0.963435,0.743425,-0.201893,0.201893,-0.259116,40
313,1.062116,0.812288,0.860344,0.686316,-0.201772,0.201772,-0.268333,41
12,1.102888,0.765773,0.905929,0.677360,-0.196959,0.196959,-0.272449,42
79,1.065020,0.767623,0.868465,0.652783,-0.196555,0.196555,-0.275859,43
324,1.142973,0.847209,0.946450,0.747029,-0.196523,0.196523,-0.246056,44
206,1.024115,0.711944,0.830511,0.625820,-0.193604,0.193604,-0.288846,45
205,1.145363,0.867453,0.953736,0.742673,-0.191626,0.191626,-0.237315,46
433,0.993540,0.724689,0.806084,0.611157,-0.187456,0.187456,-0.279646,47
474,1.084732,0.797994,0.899113,0.707205,-0.185619,0.185619,-0.246190,48
471,1.147586,0.829861,0.964172,0.731581,-0.183414,0.183414,-0.234465,49
353,1.124005,0.790608,0.941699,0.677800,-0.182305,0.182305,-0.247574,50
493,1.018603,0.780947,0.836438,0.671380,-0.182165,0.182165,-0.250149,51
139,1.190160,0.878620,1.008438,0.779669,-0.181722,0.181722,-0.218779,52
52,1.005018,0.712744,0.826161,0.625532,-0.178857,0.178857,-0.266729,53
394,1.144094,0.824532,0.966261,0.734528,-0.177833,0.177833,-0.227749,54
314,0.997366,0.707011,0.819591,0.645742,-0.177775,0.177775,-0.262565,55
197,0.965128,0.706735,0.791091,0.608808,-0.174037,0.174037,-0.263855,56
388,1.057569,0.753685,0.883697,0.672951,-0.173872,0.173872,-0.243362,57
447,1.071739,0.757093,0.898245,0.690256,-0.173494,0.173494,-0.239485,58
343,1.155007,0.811943,0.982065,0.738626,-0.172942,0.172942,-0.222820,59
84,1.128215,0.838216,0.955722,0.722847,-0.172493,0.172493,-0.220393,60
489,1.143330,0.810606,0.972817,0.760388,-0.170513,0.170513,-0.216966,61
164,1.030786,0.765546,0.861124,0.663161,-0.169663,0.169663,-0.236898,62
255,1.174940,0.843441,1.007261,0.793272,-0.167679,0.167679,-0.204801,63
478,1.055151,0.778155,0.889239,0.725157,-0.165912,0.165912,-0.220592,64
100,0.958753,0.660768,0.792909,0.610390,-0.165844,0.165844,-0.260730,65
404,0.948258,0.681156,0.783484,0.611546,-0.164774,0.164774,-0.254560,66
93,0.965275,0.679666,0.800622,0.614823,-0.164653,0.164653,-0.254072,67
339,1.113183,0.813723,0.950339,0.711510,-0.162843,0.162843,-0.213055,68
180,1.088237,0.809049,0.926460,0.703994,-0.161777,0.161777,-0.213330,69
14,1.000769,0.717329,0.839186,0.673227,-0.161583,0.161583,-0.232284,70
476,0.968183,0.737735,0.807676,0.641404,-0.160507,0.160507,-0.232199,71
485,0.990852,0.707731,0.831401,0.648442,-0.159451,0.159451,-0.234924,72
60,1.018206,0.719044,0.860523,0.657997,-0.157683,0.157683,-0.228792,73
273,1.074932,0.809143,0.917361,0.716135,-0.157571,0.157571,-0.206229,74
371,1.201840,0.840005,1.044794,0.826710,-0.157046,0.157046,-0.188444,75
143,1.074090,0.798175,0.919431,0.691586,-0.154660,0.154660,-0.207101,76
89,1.127222,0.810688,0.973668,0.778243,-0.153554,0.153554,-0.193240,77
174,1.272508,0.945975,1.119360,0.856362,-0.153148,0.153148,-0.169734,78
455,0.980932,0.719185,0.827878,0.641598,-0.153054,0.153054,-0.224585,79
238,0.955366,0.675810,0.802714,0.612181,-0.152652,0.152652,-0.236750,80
36,0.986487,0.722253,0.834952,0.661288,-0.151535,0.151535,-0.218841,81
357,0.957460,0.743159,0.805984,0.631662,-0.151476,0.151476,-0.219636,82
495,1.115727,0.834185,0.964822,0.771878,-0.150906,0.150906,-0.187779,83
96,1.072848,0.819350,0.922141,0.703536,-0.150707,0.150707,-0.197352,84
128,0.950383,0.727253,0.801176,0.627941,-0.149207,0.149207,-0.219611,85
421,0.996840,0.743988,0.848133,0.680436,-0.148707,0.148707,-0.208588,86
416,1.031793,0.749364,0.883153,0.678818,-0.148640,0.148640,-0.207900,87
202,0.971786,0.710125,0.823203,0.629250,-0.148582,0.148582,-0.221465,88
106,1.073196,0.767928,0.928487,0.706959,-0.144709,0.144709,-0.196064,89
510,1.109005,0.841407,0.967853,0.789182,-0.141152,0.141152,-0.173041,90
101,0.971971,0.707298,0.832373,0.647947,-0.139598,0.139598,-0.205814,91
193,0.943371,0.690262,0.807540,0.633334,-0.135831,0.135831,-0.205055,92
107,1.063516,0.783830,0.928762,0.710782,-0.134755,0.134755,-0.180106,93
379,1.006396,0.757046,0.872258,0.658023,-0.134138,0.134138,-0.189123,94
345,0.959422,0.785567,0.828992,0.667262,-0.130430,0.130430,-0.178961,95
422,0.981286,0.711308,0.851712,0.654973,-0.129574,0.129574,-0.189514,96
302,0.914292,0.695966,0.785943,0.641522,-0.128350,0.128350,-0.191767,97
411,0.986267,0.738728,0.858200,0.672140,-0.128067,0.128067,-0.181342,98
438,0.999469,0.770637,0.872715,0.676078,-0.126755,0.126755,-0.174858,99
382,1.051245,0.781313,0.924669,0.724974,-0.126576,0.126576,-0.167945,100
83,0.878789,0.653248,0.752307,0.591069,-0.126483,0.126483,-0.203043,101
307,1.005491,0.736555,0.879163,0.686461,-0.126329,0.126329,-0.177441,102
80,0.935139,0.708579,0.810715,0.642203,-0.124424,0.124424,-0.184004,103
473,1.044829,0.803148,0.921854,0.716334,-0.122975,0.122975,-0.161601,104
437,0.904832,0.667407,0.782202,0.605334,-0.122630,0.122630,-0.192473,105
170,0.969574,0.705936,0.847408,0.635549,-0.122166,0.122166,-0.181885,106
266,0.957576,0.734749,0.835420,0.646021,-0.122156,0.122156,-0.176575,107
498,1.021518,0.781988,0.900413,0.712789,-0.121106,0.121106,-0.161865,108
424,0.948731,0.748219,0.828517,0.640336,-0.120214,0.120214,-0.172630,109
144,0.862849,0.664516,0.742791,0.560367,-0.120058,0.120058,-0.195326,110
395,0.965015,0.723167,0.845626,0.637751,-0.119389,0.119389,-0.175109,111
198,0.967879,0.702177,0.848542,0.665639,-0.119337,0.119337,-0.174431,112
160,0.910691,0.696587,0.791819,0.625918,-0.118871,0.118871,-0.179511,113
402,1.020556,0.742252,0.902323,0.727575,-0.118233,0.118233,-0.160872,114
76,1.168440,0.836444,1.050642,0.797607,-0.117798,0.117798,-0.144139,115
168,1.094418,0.818164,0.977319,0.753743,-0.117099,0.117099,-0.148864,116
407,0.973077,0.715121,0.856414,0.659995,-0.116663,0.116663,-0.169541,117
189,1.141868,0.823153,1.025290,0.789822,-0.116578,0.116578,-0.144519,118
20,0.976529,0.754494,0.860058,0.663575,-0.116471,0.116471,-0.163931,119
449,0.924435,0.658555,0.808688,0.605504,-0.115747,0.115747,-0.182975,120
94,1.097631,0.806234,0.983423,0.747232,-0.114208,0.114208,-0.146931,121
360,0.876171,0.700287,0.990107,0.736191,0.113936,0.113936,0.158583,122
418,0.912836,0.667267,0.799291,0.623575,-0.113545,0.113545,-0.175824,123
253,0.921224,0.686985,0.808123,0.633785,-0.113101,0.113101,-0.171126,124
222,0.878194,0.654617,0.765186,0.600645,-0.113008,0.113008,-0.179888,125
113,1.030140,0.775678,0.917573,0.732006,-0.112567,0.112567,-0.149262,126
464,0.926896,0.692686,0.814532,0.632142,-0.112364,0.112364,-0.169451,127
391,0.808927,0.594745,0.697293,0.544251,-0.111634,0.111634,-0.195830,128
116,1.090974,0.809003,0.979442,0.738085,-0.111532,0.111532,-0.144031,129
218,0.974528,0.719504,0.863100,0.656690,-0.111429,0.111429,-0.161769,130
477,0.975188,0.742504,0.863991,0.692090,-0.111197,0.111197,-0.154926,131
457,0.955227,0.682577,0.845338,0.651857,-0.109890,0.109890,-0.164655,132
22,0.890409,0.652460,0.780793,0.592614,-0.109617,0.109617,-0.175877,133
320,1.000953,0.710355,0.892724,0.685253,-0.108229,0.108229,-0.155075,134
381,0.911342,0.677821,0.803668,0.628718,-0.107674,0.107674,-0.164707,135
219,1.067761,0.759762,0.960177,0.736969,-0.107585,0.107585,-0.143743,136
115,0.923901,0.646706,0.818406,0.624303,-0.105495,0.105495,-0.165976,137
56,0.820513,0.636883,0.926008,0.696566,0.105495,0.105495,0.158070,138
284,0.994650,0.719330,0.889229,0.672906,-0.105421,0.105421,-0.151357,139
13,0.865155,0.641247,0.760366,0.584888,-0.104789,0.104789,-0.170745,140
267,0.892953,0.654153,0.788992,0.615897,-0.103961,0.103961,-0.163638,141
492,1.129776,0.800514,1.026307,0.775322,-0.103468,0.103468,-0.131302,142
259,0.820886,0.651417,0.923933,0.738044,0.103047,0.103047,0.148040,143
300,0.975933,0.776121,0.873178,0.694747,-0.102755,0.102755,-0.139506,144
162,1.093843,0.801299,0.991160,0.781410,-0.102683,0.102683,-0.129746,145
191,0.949932,0.751556,0.848441,0.667452,-0.101492,0.101492,-0.142795,146
479,0.892889,0.684565,0.792000,0.605231,-0.100889,0.100889,-0.156147,147
59,0.859163,0.649629,0.758901,0.606443,-0.100263,0.100263,-0.159550,148
450,0.929649,0.713907,0.829625,0.645390,-0.100025,0.100025,-0.146985,149
75,0.958495,0.751556,0.858999,0.647865,-0.099496,0.099496,-0.141807,150
200,0.707878,0.556504,0.807285,0.612844,0.099406,0.099406,0.169823,151
434,0.916666,0.706896,0.817407,0.637418,-0.099259,0.099259,-0.147476,152
207,0.813411,0.612426,0.714943,0.561658,-0.098468,0.098468,-0.167580,153
261,0.928036,0.681707,0.829761,0.648770,-0.098275,0.098275,-0.147684,154
51,1.007498,0.741033,0.909429,0.715339,-0.098069,0.098069,-0.134655,155
86,0.897804,0.670915,0.800111,0.630905,-0.097693,0.097693,-0.150016,156
228,0.969503,0.733847,0.872311,0.674310,-0.097192,0.097192,-0.137918,157
511,0.908495,0.703329,0.811557,0.619981,-0.096938,0.096938,-0.146219,158
175,0.878133,0.679448,0.781627,0.617770,-0.096506,0.096506,-0.148621,159
154,0.946685,0.740548,0.850779,0.654845,-0.095906,0.095906,-0.137202,160
98,0.920321,0.686113,0.825006,0.656053,-0.095315,0.095315,-0.141996,161
216,0.874852,0.688872,0.779618,0.612265,-0.095234,0.095234,-0.146133,162
140,0.799654,0.610722,0.704459,0.545398,-0.095195,0.095195,-0.164417,163
252,0.885783,0.658686,0.791116,0.629097,-0.094667,0.094667,-0.146984,164
23,0.946061,0.827781,0.852208,0.710062,-0.093852,0.093852,-0.121701,165
403,0.885333,0.718854,0.791690,0.632973,-0.093643,0.093643,-0.138264,166
54,0.901899,0.694156,0.808258,0.625930,-0.093641,0.093641,-0.141682,167
220,1.147543,0.809976,1.054103,0.842058,-0.093440,0.093440,-0.113100,168
484,1.095309,0.833085,1.001981,0.777683,-0.093328,0.093328,-0.115812,169
187,0.847693,0.667048,0.754924,0.588835,-0.092769,0.092769,-0.147449,170
74,0.933799,0.735767,0.841950,0.667662,-0.091849,0.091849,-0.130738,171
446,0.919647,0.685182,0.829457,0.643377,-0.090190,0.090190,-0.135704,172
124,0.877268,0.652421,0.787384,0.608556,-0.089884,0.089884,-0.142476,173
57,0.918139,0.697353,0.829118,0.633924,-0.089022,0.089022,-0.133587,174
441,0.956344,0.697046,0.868292,0.655373,-0.088052,0.088052,-0.130153,175
254,0.853142,0.693274,0.765344,0.600043,-0.087799,0.087799,-0.135421,176
241,1.038858,0.766684,0.951125,0.726348,-0.087733,0.087733,-0.117481,177
311,0.742771,0.580521,0.829648,0.605332,0.086877,0.086877,0.146490,178
340,1.024817,0.772915,0.938946,0.734325,-0.085871,0.085871,-0.113907,179
453,0.897007,0.736021,0.811228,0.660289,-0.085779,0.085779,-0.122685,180
178,0.937758,0.688981,0.852269,0.661260,-0.085489,0.085489,-0.126602,181
378,0.833430,0.651665,0.748360,0.608310,-0.085070,0.085070,-0.134954,182
333,0.933575,0.700465,0.849189,0.648797,-0.084386,0.084386,-0.124993,183
508,0.894048,0.673708,0.810067,0.638585,-0.083980,0.083980,-0.127944,184
258,1.046819,0.760127,0.962887,0.756497,-0.083932,0.083932,-0.110683,185
117,0.897158,0.650456,0.813244,0.619914,-0.083914,0.083914,-0.132071,186
194,0.871701,0.700297,0.787832,0.626724,-0.083869,0.083869,-0.126207,187
211,1.007887,0.792725,0.924090,0.728540,-0.083798,0.083798,-0.110070,188
452,0.933520,0.705163,0.850047,0.670192,-0.083473,0.083473,-0.121344,189
390,0.928534,0.711091,0.845076,0.664676,-0.083458,0.083458,-0.121256,190
134,0.826117,0.648549,0.742713,0.597193,-0.083403,0.083403,-0.133788,191
334,1.004772,0.730728,0.921942,0.714134,-0.082830,0.082830,-0.114647,192
209,0.916620,0.650776,0.833955,0.632678,-0.082665,0.082665,-0.128803,193
47,0.994977,0.725261,0.912506,0.730077,-0.082471,0.082471,-0.113335,194
296,0.807058,0.639595,0.724981,0.556991,-0.082078,0.082078,-0.136861,195
280,0.908480,0.648408,0.826415,0.636349,-0.082065,0.082065,-0.127746,196
369,0.918839,0.691315,0.837473,0.668368,-0.081366,0.081366,-0.119667,197
372,1.029116,0.769371,0.948088,0.730139,-0.081028,0.081028,-0.108036,198
235,0.801035,0.624071,0.721066,0.574988,-0.079969,0.079969,-0.133275,199
232,0.905441,0.688119,0.825606,0.623853,-0.079835,0.079835,-0.121556,200
383,0.980381,0.708702,0.900672,0.689128,-0.079709,0.079709,-0.114035,201
181,1.009591,0.723008,0.929999,0.706559,-0.079592,0.079592,-0.111343,202
358,0.875882,0.648216,0.796529,0.616024,-0.079353,0.079353,-0.125493,203
329,0.896590,0.665533,0.817804,0.608046,-0.078786,0.078786,-0.123599,204
310,0.890730,0.696014,0.812155,0.674737,-0.078575,0.078575,-0.114632,205
298,0.812699,0.642705,0.890949,0.693192,0.078250,0.078250,0.117067,206
129,0.916932,0.666143,0.838990,0.646954,-0.077941,0.077941,-0.118701,207
97,0.845383,0.631348,0.767448,0.593791,-0.077935,0.077935,-0.127167,208
412,0.862838,0.692309,0.784933,0.617563,-0.077906,0.077906,-0.118758,209
507,0.924134,0.673264,0.846760,0.662759,-0.077374,0.077374,-0.115824,210
142,0.886143,0.655201,0.809369,0.634615,-0.076774,0.076774,-0.119032,211
364,0.955053,0.712381,0.878723,0.686395,-0.076330,0.076330,-0.109120,212
316,0.939779,0.688058,0.863520,0.674427,-0.076259,0.076259,-0.111936,213
430,0.864446,0.648102,0.788643,0.616019,-0.075803,0.075803,-0.119892,214
157,0.880786,0.686358,0.805898,0.643746,-0.074887,0.074887,-0.112546,215
19,0.949940,0.731959,0.875243,0.695619,-0.074697,0.074697,-0.104615,216
9,0.867080,0.650663,0.792389,0.619960,-0.074691,0.074691,-0.117532,217
257,0.836299,0.645447,0.761783,0.610231,-0.074516,0.074516,-0.118640,218
215,0.875253,0.670370,0.800864,0.621954,-0.074389,0.074389,-0.115043,219
133,0.940048,0.709028,0.866113,0.683599,-0.073936,0.073936,-0.106164,220
509,0.912909,0.709813,0.839002,0.647805,-0.073907,0.073907,-0.108764,221
203,0.840860,0.648629,0.767146,0.588409,-0.073715,0.073715,-0.119038,222
131,0.845307,0.658472,0.918504,0.696096,0.073197,0.073197,0.108033,223
427,0.933523,0.751952,0.860366,0.680783,-0.073157,0.073157,-0.101996,224
260,0.821890,0.674047,0.748876,0.600314,-0.073013,0.073013,-0.114397,225
370,0.837548,0.630100,0.765036,0.603901,-0.072511,0.072511,-0.117496,226
417,0.910874,0.739502,0.982676,0.757029,0.071802,0.071802,0.095952,227
487,0.877219,0.701500,0.948119,0.731128,0.070900,0.070900,0.098958,228
114,0.842423,0.669791,0.913254,0.700327,0.070830,0.070830,0.103367,229
119,0.856759,0.665437,0.785951,0.601668,-0.070808,0.070808,-0.111622,230
99,1.004293,0.789999,0.933533,0.738836,-0.070761,0.070761,-0.092516,231
136,0.833787,0.654317,0.763321,0.601361,-0.070467,0.070467,-0.112137,232
172,0.831020,0.612634,0.760868,0.593452,-0.070152,0.070152,-0.116315,233
64,0.942432,0.700977,0.872296,0.677912,-0.070136,0.070136,-0.101714,234
37,0.974527,0.723076,0.904609,0.691259,-0.069918,0.069918,-0.098846,235
15,0.864950,0.673901,0.795152,0.605067,-0.069798,0.069798,-0.108990,236
297,0.805975,0.640694,0.875700,0.671953,0.069725,0.069725,0.106206,237
483,1.022641,0.817753,1.092354,0.846014,0.069713,0.069713,0.083789,238
87,0.800883,0.626959,0.731196,0.577915,-0.069687,0.069687,-0.115580,239
188,0.709062,0.549646,0.778684,0.606172,0.069622,0.069622,0.120328,240
396,0.963502,0.717088,0.894488,0.698163,-0.069014,0.069014,-0.097520,241
165,0.795755,0.609117,0.726866,0.575900,-0.068888,0.068888,-0.116220,242
141,0.818447,0.638550,0.750118,0.583415,-0.068330,0.068330,-0.111722,243
494,0.890194,0.716991,0.821959,0.622100,-0.068234,0.068234,-0.101657,244
70,0.871508,0.673828,0.803602,0.636087,-0.067907,0.067907,-0.103638,245
308,0.895579,0.665885,0.827968,0.632457,-0.067611,0.067611,-0.104115,246
486,0.956933,0.745894,0.889895,0.694333,-0.067038,0.067038,-0.093034,247
385,0.742143,0.602233,0.808934,0.625292,0.066791,0.066791,0.108803,248
351,0.790490,0.612446,0.724035,0.567538,-0.066455,0.066455,-0.112556,249
192,0.976577,0.764794,1.042580,0.799008,0.066003,0.066003,0.084394,250
4,0.900496,0.685873,0.834526,0.650117,-0.065970,0.065970,-0.098723,251
66,0.930721,0.733226,0.864844,0.647468,-0.065877,0.065877,-0.095242,252
44,0.870623,0.721396,0.805337,0.620310,-0.065286,0.065286,-0.097043,253
138,0.980605,0.757931,0.915840,0.742355,-0.064765,0.064765,-0.086332,254
468,0.926189,0.725434,0.861674,0.681532,-0.064515,0.064515,-0.091663,255
43,0.911363,0.716711,0.846890,0.640196,-0.064473,0.064473,-0.094879,256
151,0.796125,0.600127,0.860456,0.686404,0.064331,0.064331,0.099783,257
63,0.826551,0.655162,0.762642,0.608587,-0.063909,0.063909,-0.101074,258
92,0.824445,0.632635,0.760921,0.600926,-0.063523,0.063523,-0.102958,259
127,0.886149,0.678762,0.823632,0.638808,-0.062516,0.062516,-0.094853,260
277,0.833264,0.656575,0.895302,0.670093,0.062037,0.062037,0.093518,261
375,0.860336,0.672856,0.798357,0.643261,-0.061978,0.061978,-0.094159,262
120,0.919737,0.726463,0.981479,0.765385,0.061742,0.061742,0.082744,263
167,0.833395,0.617370,0.771713,0.611050,-0.061681,0.061681,-0.100422,264
146,0.860799,0.635778,0.799387,0.612259,-0.061412,0.061412,-0.098396,265
373,0.944307,0.721868,0.882942,0.664005,-0.061365,0.061365,-0.088481,266
72,0.874443,0.688369,0.813123,0.638267,-0.061320,0.061320,-0.092378,267
439,0.860065,0.675762,0.798780,0.646788,-0.061285,0.061285,-0.092656,268
306,0.817608,0.646422,0.878033,0.685567,0.060425,0.060425,0.090690,269
137,0.965311,0.746027,1.025551,0.805198,0.060241,0.060241,0.077612,270
269,0.859805,0.650916,0.799604,0.634612,-0.060201,0.060201,-0.093652,271
71,0.847432,0.686477,0.787310,0.630449,-0.060123,0.060123,-0.091225,272
148,0.799218,0.627034,0.739331,0.599696,-0.059887,0.059887,-0.097613,273
3,0.813028,0.605844,0.753166,0.594771,-0.059862,0.059862,-0.099715,274
423,0.800655,0.604615,0.741313,0.578666,-0.059342,0.059342,-0.100277,275
332,0.830236,0.628344,0.770978,0.597316,-0.059258,0.059258,-0.096664,276
461,0.878468,0.671318,0.819250,0.642355,-0.059218,0.059218,-0.090135,277
234,0.911119,0.680330,0.852011,0.647803,-0.059108,0.059108,-0.088982,278
315,0.883605,0.671906,0.825083,0.644745,-0.058521,0.058521,-0.088875,279
325,0.874764,0.637142,0.816596,0.616066,-0.058168,0.058168,-0.092817,280
264,0.955875,0.738481,1.013942,0.768089,0.058067,0.058067,0.077070,281
361,0.917339,0.695889,0.860024,0.674125,-0.057315,0.057315,-0.083660,282
491,0.870033,0.674309,0.812735,0.642638,-0.057298,0.057298,-0.086991,283
286,1.072595,0.755965,1.015339,0.811225,-0.057256,0.057256,-0.073023,284
169,0.885754,0.716985,0.828556,0.664135,-0.057198,0.057198,-0.082767,285
268,0.801958,0.635213,0.744857,0.568546,-0.057102,0.057102,-0.094727,286
40,0.822506,0.606919,0.879395,0.677935,0.056889,0.056889,0.088419,287
230,0.803206,0.640071,0.746503,0.586067,-0.056703,0.056703,-0.092401,288
497,0.863028,0.703726,0.919458,0.705264,0.056431,0.056431,0.080101,289
454,0.798579,0.624742,0.742275,0.581636,-0.056304,0.056304,-0.093285,290
349,0.925101,0.718278,0.981206,0.736921,0.056105,0.056105,0.077104,291
237,0.833240,0.657341,0.777419,0.604695,-0.055821,0.055821,-0.088385,292
196,0.898699,0.690660,0.843221,0.646115,-0.055478,0.055478,-0.082957,293
406,0.823476,0.636786,0.768032,0.596520,-0.055444,0.055444,-0.089863,294
150,0.907030,0.717220,0.852263,0.708555,-0.054767,0.054767,-0.076823,295
145,0.867711,0.661747,0.813720,0.641165,-0.053991,0.053991,-0.082867,296
229,0.872745,0.668322,0.818798,0.652952,-0.053947,0.053947,-0.081653,297
246,0.833487,0.682077,0.887230,0.665101,0.053743,0.053743,0.079780,298
377,0.829585,0.656556,0.775993,0.609439,-0.053592,0.053592,-0.084605,299
365,0.877223,0.690880,0.823934,0.672096,-0.053289,0.053289,-0.078188,300
352,0.835350,0.688574,0.782114,0.609529,-0.053236,0.053236,-0.081869,301
184,0.759901,0.585239,0.706666,0.555932,-0.053235,0.053235,-0.093268,302
0,0.811652,0.620421,0.758475,0.571540,-0.053177,0.053177,-0.089152,303
384,0.813920,0.646246,0.761362,0.594688,-0.052558,0.052558,-0.084635,304
435,0.828585,0.645761,0.776386,0.609980,-0.052200,0.052200,-0.083104,305
233,0.851787,0.702448,0.799722,0.623352,-0.052065,0.052065,-0.078402,306
419,0.908228,0.697619,0.857461,0.666574,-0.050767,0.050767,-0.074409,307
392,0.828220,0.659888,0.777503,0.613750,-0.050717,0.050717,-0.079589,308
321,0.871782,0.707479,0.821474,0.633807,-0.050308,0.050308,-0.074902,309
173,0.805081,0.627590,0.754991,0.583072,-0.050090,0.050090,-0.082692,310
289,0.862038,0.638957,0.811956,0.642668,-0.050081,0.050081,-0.078153,311
281,0.848554,0.650329,0.798853,0.630877,-0.049701,0.049701,-0.077576,312
179,1.033532,0.816049,0.983839,0.749997,-0.049693,0.049693,-0.063407,313
282,0.808203,0.651354,0.758582,0.587133,-0.049621,0.049621,-0.080023,314
303,0.921258,0.700071,0.871981,0.682103,-0.049277,0.049277,-0.071297,315
81,0.889140,0.684795,0.839874,0.654712,-0.049266,0.049266,-0.073540,316
2,0.991727,0.763073,0.942536,0.738874,-0.049192,0.049192,-0.065495,317
460,0.805892,0.648023,0.756759,0.612785,-0.049133,0.049133,-0.077908,318
309,0.877735,0.666606,0.926816,0.700286,0.049081,0.049081,0.071792,319
16,0.724185,0.584915,0.773165,0.593301,0.048980,0.048980,0.083141,320
135,0.883090,0.684497,0.834376,0.656917,-0.048714,0.048714,-0.072616,321
35,0.983001,0.792072,0.934543,0.738700,-0.048458,0.048458,-0.063273,322
108,0.964683,0.725863,0.916233,0.700481,-0.048450,0.048450,-0.067925,323
397,0.855264,0.651132,0.807072,0.635483,-0.048191,0.048191,-0.074906,324
5,0.797806,0.616410,0.749838,0.605095,-0.047968,0.047968,-0.078536,325
250,0.857002,0.706542,0.904968,0.699036,0.047966,0.047966,0.068250,326
389,0.813322,0.644758,0.765845,0.602543,-0.047477,0.047477,-0.076084,327
459,0.852308,0.669569,0.804972,0.645010,-0.047335,0.047335,-0.072004,328
355,1.023433,0.710139,0.976989,0.752275,-0.046444,0.046444,-0.063490,329
279,0.767884,0.628295,0.721668,0.586731,-0.046217,0.046217,-0.076031,330
49,0.740861,0.570358,0.694673,0.536090,-0.046188,0.046188,-0.083449,331
224,0.920183,0.745398,0.874163,0.675529,-0.046020,0.046020,-0.064696,332
341,0.717612,0.576268,0.762984,0.596279,0.045372,0.045372,0.077379,333
24,0.869923,0.684713,0.915289,0.704090,0.045366,0.045366,0.065325,334
30,0.804274,0.645849,0.848872,0.673568,0.044598,0.044598,0.067588,335
225,0.880554,0.669684,0.836523,0.658241,-0.044031,0.044031,-0.066313,336
350,0.871253,0.665068,0.915029,0.703868,0.043777,0.043777,0.063931,337
45,0.914286,0.726531,0.870632,0.693823,-0.043654,0.043654,-0.061453,338
58,0.962342,0.727824,1.005854,0.764993,0.043511,0.043511,0.058276,339
475,1.010166,0.763007,0.966865,0.707998,-0.043301,0.043301,-0.058831,340
374,0.793312,0.639620,0.750340,0.588102,-0.042972,0.042972,-0.069941,341
90,0.861674,0.633757,0.818862,0.636775,-0.042813,0.042813,-0.067393,342
67,0.854725,0.636462,0.812344,0.633235,-0.042381,0.042381,-0.066757,343
393,0.844178,0.632581,0.801918,0.607324,-0.042260,0.042260,-0.068152,344
338,0.821010,0.624337,0.862876,0.653165,0.041866,0.041866,0.065527,345
103,0.868231,0.673028,0.909321,0.688234,0.041090,0.041090,0.060366,346
380,0.877205,0.676647,0.836158,0.626935,-0.041047,0.041047,-0.062930,347
73,0.776011,0.618537,0.735083,0.575473,-0.040928,0.040928,-0.068510,348
161,0.812863,0.632861,0.772032,0.616844,-0.040831,0.040831,-0.065339,349
501,0.707679,0.577301,0.747628,0.579543,0.039949,0.039949,0.069066,350
462,0.930040,0.720253,0.890497,0.691899,-0.039543,0.039543,-0.055992,351
39,0.896477,0.653616,0.857452,0.641595,-0.039025,0.039025,-0.060257,352
399,0.911836,0.717944,0.873532,0.682744,-0.038303,0.038303,-0.054675,353
386,0.739216,0.595722,0.777325,0.618739,0.038109,0.038109,0.062747,354
451,0.843368,0.654618,0.805615,0.595569,-0.037753,0.037753,-0.060329,355
236,0.922231,0.722065,0.959783,0.714869,0.037552,0.037552,0.052266,356
247,0.826648,0.645019,0.863876,0.675973,0.037228,0.037228,0.056349,357
490,0.898759,0.681380,0.861627,0.660894,-0.037132,0.037132,-0.055321,358
190,0.968396,0.747543,0.931325,0.732664,-0.037071,0.037071,-0.050086,359
287,0.968610,0.740543,1.005153,0.753725,0.036543,0.036543,0.048909,360
226,0.886729,0.658304,0.922315,0.693445,0.035586,0.035586,0.052634,361
105,0.800748,0.658500,0.836271,0.660988,0.035523,0.035523,0.053844,362
149,0.819398,0.643066,0.783957,0.617969,-0.035441,0.035441,-0.056198,363
1,0.909826,0.706922,0.945143,0.719198,0.035317,0.035317,0.049527,364
331,0.698152,0.553748,0.663217,0.521224,-0.034935,0.034935,-0.064967,365
291,0.995211,0.762690,1.029932,0.784914,0.034721,0.034721,0.044866,366
488,0.810879,0.660230,0.776451,0.603363,-0.034428,0.034428,-0.054437,367
400,0.968396,0.702341,0.934004,0.727556,-0.034393,0.034393,-0.048098,368
256,0.712487,0.568832,0.678192,0.541899,-0.034295,0.034295,-0.061733,369
65,0.752861,0.592035,0.718809,0.578764,-0.034052,0.034052,-0.058164,370
29,0.906180,0.701119,0.872462,0.678254,-0.033718,0.033718,-0.048882,371
499,0.887755,0.704163,0.854197,0.649917,-0.033558,0.033558,-0.049526,372
82,0.934601,0.693965,0.901049,0.688847,-0.033552,0.033552,-0.048527,373
292,0.760887,0.566877,0.727582,0.561681,-0.033305,0.033305,-0.059021,374
163,0.791118,0.603348,0.824266,0.629557,0.033148,0.033148,0.053761,375
243,0.793033,0.632411,0.760027,0.601222,-0.033007,0.033007,-0.053495,376
69,0.805117,0.627262,0.772110,0.615853,-0.033007,0.033007,-0.053101,377
201,0.942975,0.774501,0.975695,0.779741,0.032720,0.032720,0.042104,378
330,0.760225,0.616800,0.727580,0.575970,-0.032646,0.032646,-0.054707,379
38,0.871867,0.669729,0.839336,0.650546,-0.032530,0.032530,-0.049273,380
274,0.900547,0.691229,0.868048,0.652604,-0.032499,0.032499,-0.048347,381
245,0.920288,0.712955,0.952581,0.730022,0.032293,0.032293,0.044756,382
356,0.869552,0.677245,0.837343,0.632463,-0.032209,0.032209,-0.049156,383
31,0.840705,0.667642,0.808728,0.613456,-0.031977,0.031977,-0.049876,384
272,0.942912,0.753813,0.911528,0.709162,-0.031384,0.031384,-0.042884,385
32,0.843094,0.643806,0.811844,0.626214,-0.031250,0.031250,-0.049208,386
185,0.766516,0.594083,0.735928,0.579382,-0.030588,0.030588,-0.052129,387
17,0.779663,0.614521,0.749125,0.581248,-0.030538,0.030538,-0.051056,388
429,0.856079,0.637777,0.825572,0.624799,-0.030506,0.030506,-0.048321,389
42,0.741310,0.601990,0.771278,0.594588,0.029968,0.029968,0.050089,390
221,0.915519,0.719167,0.945238,0.731507,0.029719,0.029719,0.040971,391
46,0.768303,0.578475,0.738717,0.572006,-0.029586,0.029586,-0.051432,392
348,0.871357,0.646737,0.841781,0.685819,-0.029577,0.029577,-0.044372,393
265,0.777768,0.581259,0.748409,0.567555,-0.029359,0.029359,-0.051109,394
118,0.816916,0.631694,0.846145,0.653711,0.029229,0.029229,0.045471,395
68,0.888177,0.707626,0.859137,0.669986,-0.029041,0.029041,-0.042145,396
347,0.805660,0.620307,0.834698,0.649827,0.029038,0.029038,0.045712,397
387,1.053623,0.829626,1.082285,0.844448,0.028662,0.028662,0.034241,398
312,0.904962,0.767398,0.876430,0.711437,-0.028532,0.028532,-0.038560,399
276,0.756210,0.596130,0.727766,0.585840,-0.028445,0.028445,-0.048129,400
123,0.824398,0.632705,0.796057,0.629454,-0.028340,0.028340,-0.044907,401
336,0.666440,0.540284,0.638234,0.500662,-0.028206,0.028206,-0.054153,402
50,0.901968,0.757549,0.873783,0.677916,-0.028186,0.028186,-0.039210,403
445,0.793837,0.617840,0.765703,0.600550,-0.028134,0.028134,-0.046178,404
496,0.967228,0.764587,0.939263,0.742039,-0.027966,0.027966,-0.037120,405
440,1.023817,0.769481,0.995854,0.754216,-0.027963,0.027963,-0.036702,406
152,0.798821,0.604816,0.771554,0.584878,-0.027266,0.027266,-0.045831,407
448,0.913616,0.728955,0.940874,0.726341,0.027259,0.027259,0.037461,408
362,0.738583,0.577441,0.711391,0.546926,-0.027192,0.027192,-0.048351,409
376,0.788694,0.591496,0.762719,0.583373,-0.025975,0.025975,-0.044217,410
344,0.761543,0.607304,0.787268,0.614963,0.025725,0.025725,0.042093,411
62,0.775234,0.623372,0.750355,0.596811,-0.024879,0.024879,-0.040769,412
109,0.889737,0.715875,0.914277,0.705871,0.024540,0.024540,0.034520,413
18,0.936719,0.760134,0.912307,0.703721,-0.024412,0.024412,-0.033328,414
401,0.855341,0.722461,0.879617,0.669574,0.024276,0.024276,0.034853,415
436,0.865242,0.658417,0.841236,0.628465,-0.024007,0.024007,-0.037300,416
283,0.987178,0.726822,1.010980,0.799608,0.023801,0.023801,0.031150,417
186,0.942034,0.688563,0.918289,0.699259,-0.023745,0.023745,-0.034218,418
317,0.951313,0.757980,0.927628,0.728877,-0.023685,0.023685,-0.031853,419
467,0.802864,0.633798,0.779686,0.620749,-0.023178,0.023178,-0.036949,420
126,0.921954,0.758949,0.899553,0.712024,-0.022401,0.022401,-0.030442,421
195,0.832536,0.689787,0.854652,0.665371,0.022116,0.022116,0.032635,422
95,0.856351,0.672079,0.835498,0.655923,-0.020853,0.020853,-0.031402,423
6,0.776524,0.622671,0.755816,0.589569,-0.020709,0.020709,-0.034153,424
204,0.915667,0.696088,0.936317,0.704995,0.020650,0.020650,0.029477,425
159,0.859412,0.677065,0.878957,0.671498,0.019545,0.019545,0.028986,426
327,0.854986,0.670012,0.874203,0.687730,0.019217,0.019217,0.028304,427
130,0.851853,0.661517,0.832916,0.640835,-0.018937,0.018937,-0.029077,428
443,0.848395,0.643191,0.867308,0.700720,0.018913,0.018913,0.028121,429
337,0.928574,0.750071,0.909849,0.702939,-0.018725,0.018725,-0.025761,430
328,0.788328,0.579648,0.769706,0.600341,-0.018621,0.018621,-0.031557,431
472,0.761452,0.583316,0.743271,0.581131,-0.018181,0.018181,-0.031227,432
426,0.767663,0.638375,0.785839,0.621181,0.018176,0.018176,0.028858,433
481,0.838706,0.631111,0.820682,0.640696,-0.018024,0.018024,-0.028343,434
240,0.867370,0.713443,0.849457,0.660968,-0.017913,0.017913,-0.026047,435
301,0.801450,0.637406,0.783682,0.625537,-0.017767,0.017767,-0.028135,436
428,0.819074,0.628605,0.801496,0.622263,-0.017578,0.017578,-0.028106,437
271,0.740411,0.599435,0.722889,0.582632,-0.017521,0.017521,-0.029642,438
335,0.844680,0.687247,0.827521,0.631969,-0.017159,0.017159,-0.025991,439
262,0.772746,0.617692,0.755702,0.603836,-0.017044,0.017044,-0.027904,440
33,0.756651,0.585317,0.773604,0.621248,0.016953,0.016953,0.028090,441
110,0.834735,0.654271,0.817825,0.633067,-0.016910,0.016910,-0.026267,442
290,0.709043,0.540306,0.725733,0.542118,0.016690,0.016690,0.030838,443
78,0.809377,0.631668,0.792982,0.612023,-0.016395,0.016395,-0.026361,444
275,0.930211,0.746196,0.913881,0.705484,-0.016330,0.016330,-0.022489,445
102,0.814778,0.657171,0.799092,0.621934,-0.015686,0.015686,-0.024517,446
91,0.840249,0.668308,0.855146,0.664508,0.014897,0.014897,0.022354,447
171,0.812769,0.634706,0.827619,0.641090,0.014850,0.014850,0.023280,448
322,0.878757,0.669088,0.864036,0.667544,-0.014721,0.014721,-0.022027,449
88,0.926388,0.711478,0.912367,0.709388,-0.014021,0.014021,-0.019735,450
7,0.811653,0.637666,0.797678,0.628494,-0.013975,0.013975,-0.022074,451
398,0.884005,0.696652,0.870169,0.662060,-0.013835,0.013835,-0.020359,452
318,1.036745,0.744540,1.023025,0.795919,-0.013720,0.013720,-0.017803,453
504,0.878269,0.690602,0.866079,0.673384,-0.012190,0.012190,-0.017872,454
463,0.737415,0.570594,0.725390,0.598300,-0.012025,0.012025,-0.020569,455
367,0.769114,0.572664,0.757259,0.600013,-0.011856,0.011856,-0.020214,456
213,0.801119,0.605673,0.789414,0.603232,-0.011706,0.011706,-0.019366,457
251,0.824190,0.647137,0.812571,0.636558,-0.011618,0.011618,-0.018101,458
61,0.820599,0.644480,0.831809,0.644062,0.011210,0.011210,0.017400,459
122,0.811243,0.650739,0.800173,0.618296,-0.011070,0.011070,-0.017441,460
285,0.838735,0.648240,0.827806,0.649034,-0.010928,0.010928,-0.016848,461
346,0.900033,0.722066,0.910690,0.679201,0.010657,0.010657,0.015203,462
425,0.930240,0.729338,0.940446,0.743606,0.010206,0.010206,0.013857,463
405,0.719889,0.588744,0.709707,0.560741,-0.010182,0.010182,-0.017710,464
217,0.851882,0.674211,0.841946,0.633490,-0.009936,0.009936,-0.015189,465
304,0.767967,0.602764,0.758096,0.606719,-0.009871,0.009871,-0.016323,466
153,0.933361,0.702108,0.943215,0.743696,0.009854,0.009854,0.013625,467
55,0.835706,0.598407,0.826234,0.636755,-0.009472,0.009472,-0.015329,468
208,1.085377,0.849150,1.094605,0.846039,0.009228,0.009228,0.010888,469
420,0.850785,0.622807,0.841706,0.649959,-0.009078,0.009078,-0.014262,470
466,0.834345,0.680483,0.825305,0.653103,-0.009040,0.009040,-0.013554,471
244,0.903969,0.705033,0.895221,0.689990,-0.008748,0.008748,-0.012541,472
156,0.862283,0.702687,0.853535,0.679301,-0.008748,0.008748,-0.012658,473
444,0.949223,0.719489,0.940544,0.693134,-0.008679,0.008679,-0.012286,474
295,0.839531,0.641684,0.847976,0.666477,0.008446,0.008446,0.012910,475
410,0.791387,0.587956,0.783041,0.597535,-0.008346,0.008346,-0.014079,476
182,0.837222,0.663357,0.828894,0.641067,-0.008328,0.008328,-0.012767,477
299,0.906996,0.683853,0.915208,0.729667,0.008211,0.008211,0.011612,478
263,0.822231,0.661064,0.830405,0.663296,0.008174,0.008174,0.012344,479
248,0.860740,0.638386,0.852952,0.637901,-0.007788,0.007788,-0.012204,480
121,0.925150,0.678998,0.932529,0.720140,0.007379,0.007379,0.010543,481
210,0.995239,0.701823,1.002285,0.794330,0.007046,0.007046,0.009401,482
505,0.940325,0.714229,0.933829,0.710369,-0.006496,0.006496,-0.009120,483
111,0.804104,0.630658,0.797928,0.600166,-0.006176,0.006176,-0.010032,484
183,0.752221,0.644230,0.758396,0.596427,0.006175,0.006175,0.009947,485
294,0.842031,0.663953,0.835985,0.637222,-0.006046,0.006046,-0.009292,486
502,0.852824,0.679482,0.846779,0.664269,-0.006046,0.006046,-0.008997,487
249,0.826457,0.640541,0.820631,0.634920,-0.005826,0.005826,-0.009136,488
48,0.771955,0.611497,0.766136,0.609412,-0.005819,0.005819,-0.009532,489
442,0.799140,0.616753,0.804715,0.619549,0.005575,0.005575,0.009019,490
506,0.898969,0.675902,0.904115,0.688527,0.005146,0.005146,0.007543,491
77,0.716135,0.572102,0.711064,0.570684,-0.005071,0.005071,-0.008875,492
458,0.835022,0.645436,0.830248,0.653535,-0.004774,0.004774,-0.007350,493
278,0.849129,0.693782,0.853840,0.655854,0.004711,0.004711,0.006978,494
231,0.717293,0.597522,0.721892,0.585007,0.004600,0.004600,0.007779,495
112,0.994324,0.755142,0.998789,0.792439,0.004465,0.004465,0.005769,496
125,0.766455,0.597936,0.770732,0.591868,0.004276,0.004276,0.007188,497
413,0.824955,0.657237,0.829172,0.655941,0.004217,0.004217,0.006422,498
25,0.795156,0.611777,0.799371,0.629480,0.004215,0.004215,0.006791,499
480,0.821059,0.642713,0.824772,0.644569,0.003713,0.003713,0.005769,500
21,0.870402,0.676336,0.873671,0.676046,0.003269,0.003269,0.004835,501
11,0.948064,0.755460,0.944868,0.715582,-0.003196,0.003196,-0.004344,502
465,0.730822,0.587275,0.727636,0.565282,-0.003186,0.003186,-0.005528,503
199,0.890770,0.695756,0.887984,0.700142,-0.002786,0.002786,-0.003992,504
158,0.906507,0.723323,0.909156,0.706966,0.002649,0.002649,0.003704,505
354,0.792249,0.633839,0.794107,0.618574,0.001858,0.001858,0.002967,506
366,0.744051,0.590099,0.745909,0.585123,0.001857,0.001857,0.003161,507
500,0.787329,0.606667,0.786037,0.591802,-0.001292,0.001292,-0.002156,508
326,0.840277,0.686131,0.839680,0.653693,-0.000598,0.000598,-0.000892,509
227,0.827768,0.643206,0.827253,0.629588,-0.000515,0.000515,-0.000809,510
212,0.827308,0.672847,0.827040,0.652424,-0.000268,0.000268,-0.000404,511
270,0.808545,0.629714,0.808619,0.640580,0.000075,0.000075,0.000118,512
